NPSN,Nama Sekolah,Bentuk,Telpon,Email,Naungan,Kabupaten,Kecamatan,Alamat
20539432,SD ISLAM NURUL MUTTAQIN,SD,0341752287,sdislamnurulmuttaqinalbarokah@gmail.com,YAYASAN NURUL MUTTAQIN AL BAROKAH,KOTA MALANG,KEC. KEDUNGKANDANG,JL. NURUL MUTTAQIN NO. 39 RT. 05 RW. 05
20525020,SDS MUHAMMADIYAH,SD,081336501122,sdmuhammadiyahkasiyan@yahoo.co.id,PIMPINAN DAERAH MUHAMMADIYAH (PDM) KAB. JEMBER,KAB. JEMBER,KEC. PUGER,JL. MATARAM NO. 481
20501152,SD MENGANTI PERMAI,SD,082257689678,permaicantik@gmail.com,YAYASAN PENDIDIKAN MENGANTI PERMAI,KAB. GRESIK,KEC. MENGANTI,PERUM. MENGANTI PERMAI
70012859,SD DAFA AL-AMIEN,SD,,sddafaalamien864@gmail.com,YAYASAN PONDOK PESANTREN DARUL FALAH AL-AMIEN SABRANG AMBULU JEMBER,KAB. JEMBER,KEC. AMBULU,JL.LAPANGAN SABRANG AMBULU
20566279,SD ISLAM NURUL HUDA,SD,,sdi.nurulhuda.20566279@gmail.com,NURUL HUDA,KAB. BANGKALAN,KEC. KOKOP,JL. RAYA KOKOP
20573262,SD ISLAM AL HUDA,SD,085233595761,admin@sdislamalhuda.sch.id,YAYASAN AL-HUDA GUNUNG PUTRI,KAB. SITUBONDO,KEC. SUBOH,KP. KRAJAN RT.08 RW.02
20540410,SD MUHAMMADIYAH I KEDUNGADEM,SD,085608650838,sdmuh01kdm@gmail.com,PIMPINAN DAERAH MUHAMMADIYAH (PDM) KAB. BOJONEGORO,KAB. BOJONEGORO,KEC. KEDUNGADEM,JL. PUK NO. 598
69955391,SD ISLAM AL IRSYAD,SD,085230323950,sdislamalirsyadwringinanom@gmail.com,YAYASAN AL ISTIKMAL,KAB. GRESIK,KEC. WRINGIN ANOM,DSN. JUWET RT. 01 RW. 04
20504220,SD ISLAM TERPADU AL UMMAH,SD,0321878629,sdit.alummah@yahoo.com,NURUS SALAM,KAB. JOMBANG,KEC. JOMBANG,JL KAPTEN TANDEAN GG VI/N0 4
20551937,SDI NURUL IJTIHAD,SD,087776386186,nurulijtihadsdi@gmail.com,NURUL IJTIHAD,KAB. SUMENEP,KEC. BLUTO,GILANG
20532815,SD VITA,SD,0315922690,elementary@vitaschool.sch.id,YAYASAN PENDIDIKAN DHARMA VITA,KOTA SURABAYA,KEC. SUKOLILO,JL. ARIF RAHMAN HAKIM 189-191 SURABAYA
20533869,SD KRISTEN KALAM KUDUS MALANG,SD,366025,skrkk18amm@gmail.com,YAYASAN KALAM KUDUS INDONESIA CABANG MALANG,KOTA MALANG,KEC. KLOJEN,JL. ARIF MARGONO NO. 18  MALANG
69990855,SD MUHAMMADIYAH 1 KENDAL,SD,,sdmuh1kendal@gmail.com,PIMPINAN DAERAH MUHAMMADIYAH (PDM) KAB. NGAWI,KAB. NGAWI,KEC. KENDAL,PUCANGANOM RT 1 RW 1
70028708,SDS ISLAM NAHDLATUT THULLAB,SD,,,YAYASAN SOSIAL PENDIDIKAN ISLAM AL-ALY,KAB. SAMPANG,KEC. KETAPANG,DUSUN ONJUR
69990693,SDS ISLAM AL-HIKMAH,SD,544642,sdialhikmahajung@gmail.com,YAYASAN AL HIKMAH AJUNG,KAB. JEMBER,KEC. AJUNG,JL. PTPN X NO. 83 SUMURAN
20540408,SD MUHAMMADIYAH 2,SD,0353889477,sdmudabo@gmail.com,PIMPINAN DAERAH MUHAMMADIYAH (PDM) KAB. BOJONEGORO,KAB. BOJONEGORO,KEC. BOJONEGORO,JL. UNTUNG SUROPATI 44 A - D
70028403,SD ISLAM ABU MAYLANI,SD,082229401173,sdiabumaylani20@gmail.com,YAYASAN PENDIDIKAN ISLAM HASAN ABU MAYLANI,KAB. MOJOKERTO,KEC. DLANGGU,DUSUN GAJAH RT. 02 RW. 02
20533912,SD NU HASYIM ASYARI,SD,0341336158,sdnu_hasyimasyari@yahoo.co.id,YAYASAN PENDIDIKAN NAHDLATUL ULAMA HASYIM ASHARI KOTALAMA II MALANG,KOTA MALANG,KEC. KEDUNGKANDANG,JL. LAKS. MARTADINATA II/ 36 RT 07 RW 03
20533047,SD ISLAM ASH-SHIDDIIQII SURABAYA,SD,089677072622,sdiash.shiddiiqii@gmail.com,MIRA AL ASHAR,KOTA SURABAYA,KEC. TAMBAKSARI,JL. SETRO BARU UTARA III-A/134
20535422,SDIT BINA INSAN CENDEKIA,SD,0343415644,sdit_bic@yahoo.co.id,YAYASAN BINA INSAN CENDEKIA PASURUAN,KOTA PASURUAN,KEC. PURWOREJO,JALAN ABABIL TEMBOKREJO NO. 5 PASURUAN
69883483,SDS MAHARDIKA,SD,087812333540,mahardikasds@gmail.com,AL-HODAI,KAB. SAMPANG,KEC. ROBATAL,DSN.PATAPAN
20577789,SDS ISLAM DARUL ULUM AL - HASANY,SD,085232935101,sdsislamdarululumalhasany@gmail.com,,KAB. SAMPANG,KEC. BANYUATES,DESA TLAGAH
20571189,SDI RAUDATUL ULUM,SD,085231543249,sdi.raudlatul.ulum.duko@gmail.com,YAYASAN SABILILLAH PADATAR BARAT,KAB. SUMENEP,KEC. RUBARU,JL. PADATAR TIMUR DUKO
70043669,SD ISLAM SUBULUSSALAM,SD,085755911873,sdisubulussalam1@gmail.com,YAYASAN PENDIDIKAN SUBULUSSALAM,KAB. GRESIK,KEC. WRINGIN ANOM,DUSUN SUMBERGLAGAH RT 002 RW 001
20566063,SD ISLAM AL-RAUDLATUL AMIEN FULL DAY EDUCATION,SD,082148452126,sdirada@gmail.com,YAYASAN ISLAM AL-RAUDLATUL AMIEN GRESIK,KAB. GRESIK,KEC. KEBOMAS,JL. TOPAZ VII NO. 31-32 GRAHA BUNDER ASRI
20554516,SDIT AL ARIF,SD,,sditalarif@gmail.com,YAYASAN PENDIDIKAN ISLAM TERPADU AL ARIF,KAB. KEDIRI,KEC. GAMPENGREJO,JL. DIPONEGORO 178B
70040170,SDS ISLAM ATTHOYYIBIN,SD,,,YAYASAN TARBIYATUL QUR'AN AT-THOYYIBIN,KAB. SAMPANG,KEC. KETAPANG,DUSUN KAJU ABU DAYA
20533096,SD MURSYIDAH,SD,0317480504,sdsmursyidah@gmail.com,YAYASAN MURSYIDAH,KOTA SURABAYA,KEC. BENOWO,TAMBAK OSOWILANGUN III/2 SURABAYA
20533128,SD KRISTEN GLORIA 1,SD,0315452171,sdkristengloria@yahoo.com,YAYASAN PENDIDIKAN KRISTEN GLORIA,KOTA SURABAYA,KEC. GENTENG,JL. PACAR 11-17 SURABAYA
69787451,SD ISLAM AL-HASANY,SD,03131006070,aifound4@gmail.com,YAYASAN AL-HASANY,KAB. BANGKALAN,KEC. KONANG,JL. KH. NORHASAN KOMPLEKS AL-HASANY
70005491,SD ISLAM PLUS AL - HAQIQI,SD,,,YAYASAN PENDIDIKAN ISLAM AL-HAQIQI,KAB. SIDOARJO,KEC. TANGGULANGIN,"JL, KAYU TELON SENTUL TAGGULANGIN"
69830100,SD ISLAM AL-USMANIYAH,SD,081973399939,sdalusmaniyah@gmail.com,AL USMANIYAH PASER,KAB. BANGKALAN,KEC. KONANG,PASER BATOKABAN
20533136,SD MARGIE,SD,0317314582,sdmargiesurabaya@gmail.com,YAYASAN MARGIE,KOTA SURABAYA,KEC. DUKUH PAKIS,JL. KUPANG INDAH IX/19
20549638,SD ISLAM ARRISALAH,SD,0352371006,sdislamarrisalah32@gmail.com,YAYASAN PONDOK MODERN ARRISALAH PROGRAM INTERNASIONAL,KAB. PONOROGO,KEC. SLAHUNG,PONDOK MODERN ARRISALAH
20533905,SD KATOLIK MARDI WIYATA 01,SD,0341355909,sdkmw1@gmail.com,MARDI WIYATA,KOTA MALANG,KEC. KLOJEN,JL. JAKSA AGUNG SUPRAPTO NO.21
20554519,SD IT EMPAT MEI,SD,082338445152,sditempatmei@gmail.com,YAYASAN EMPAT MEI,KAB. KEDIRI,KEC. PARE,JL YOS SUDARSO  75 TULUNGREJO
20532823,SD YPPI-IV,SD,0315933870,sdyppi_4@yahoo.co.id,YAYASAN PENDIDIKAN DAN PENGAJARAN INDONESIA (YPPI),KOTA SURABAYA,KEC. MULYOREJO,JL. SUTOREJO UTARA I / 2 - 6
70028232,SD ISLAM AL ISYROQ,SD,08563287698,sdi.alisyroq@gmail.com,YAYASAN AL ISYROQ SUKODADI LAMONGAN,KAB. LAMONGAN,KEC. SUKODADI,DESA MENONGO
69987680,SD ISLAM NURUL ULUM,SD,,sdi.nurululum16@gmail.com,YAYASAN UTUL 'ILMA,KAB. KEDIRI,KEC. KANDANGAN,JL. MASJID RT 01 RW 01 DS. JERUKWANGI
69979940,SDI AKHLAQUL BANIN DARUL FAQIH,SD,085804384459,,PONDOK PESANTREN DARUL FAQIH BLITAR,KAB. BLITAR,KEC. SRENGAT,JL. MELATI RT. 04 RW. 08 DUSUN DOMOT
20554813,SD LUQMAN AL HAKIM,SD,0358326297,sdluqmannganjuk@gmail.com,YAYASAN PENDIDIKAN HIDAYATULLAH NGANJUK,KAB. NGANJUK,KEC. NGANJUK,JL.ANJUK LADANG IA NO.40 PLOSO
69989418,SDS ISLAM AL-ISLAMIYAH,SD,,,AL-ISLAMIYAH,KAB. SAMPANG,KEC. KARANGPENANG,DUSUN BANGLANDEK
70010668,SDI MAKHABBATUL JANNAH,SD,085748427155,sdislam.makhabbatuljanah@gmail.com,MAKHABBATUL JANNAH,KAB. MOJOKERTO,KEC. JETIS,DUSUN SINGOPADU
20539144,SD BAITUL MAKMUR,SD,082132289054,sd.baitulmakmur65@yahoo.com,BAITUL MAKMUR,KOTA SURABAYA,KEC. KREMBANGAN,JL. KEMAYORAN BARU 2/ 16
20533863,SD KRISTEN CHARIS,SD,566580,office@charis.sch.id,YAYASAN CHARIS INDONESIA,KOTA MALANG,KEC. SUKUN,JL. TELAGA BODAS 1
20518727,SD SUNAN GIRI,SD,0341383944,sdsunangiri_ngebruk@yahoo.co.id,YAYASAN PENDIDIKAN MA'ARIF AL-IHSAN,KAB. MALANG,KEC. SUMBERPUCUNG,JALAN RAYA NO. 97 NGEBRUK
20563931,SD ANUGERAH PEKERTI,SD,0315660637,info@anugerahpekerti.com,YAYASAN PERHIMPUNAN ANUGERAH PEKERTI,KOTA SURABAYA,KEC. TEGAL SARI,JL.DINOYO NO.127
20521339,SD KRISTEN ALETHEIA,SD,0334884245,mail.skalumajang@gmail.com,YAYASAN KRISTEN ALETHEIA INDONESIA,KAB. LUMAJANG,KEC. LUMAJANG,JL KH WACHID HASYIM 73
20563669,SD ISLAM BAITUL FATTAH,SD,0317416750,sdi.baitulfattahsby1@gmail.com,YAYASAN PENDIDIKAN ISLAM BAITUL FATTAH,KOTA SURABAYA,KEC. TANDES,JL. MANUKAN TAMA NO. 1
70012304,SD TAHFIDZUL QURAN INCERAH,SD,,sdincerah@gmail.com,LKSA INCERAH,KAB. MOJOKERTO,KEC. MOJOSARI,JL. MANGGIS RT. 001 RW. 007
20518715,SD KATOLIK WIGNYA MANDALA,SD,0341789822,sdkwima@yahoo.com,YAYASAN KARMEL,KAB. MALANG,KEC. TUMPANG,JL. RAYA TUMPANG NO. 290
69952192,SD KRISTEN TARUNA RAJAWALI,SD,8957557,tarunarajawali.sda@gmail.com,TARUNA RAJAWALI,KAB. SIDOARJO,KEC. SIDOARJO,JL.DIPONEGORO 16
20554046,SD ISLAM AL IMARAH,SD,0333462300,sdislam.alimarah@gmail.com,YAYASAN PENDIDIKAN DAN SOSIAL AL IMARAH BAJULMATI WONGSOREJO BANYUWANGI,KAB. BANYUWANGI,KEC. WONGSOREJO,JLN. RAYA SITUBONDO KM 35
20541298,SDS ST. MARY ELEMENTARY SCHOOL,SD,0317530653,stmaryelemens@gmail.com,YOHANNES GABRIEL,KOTA SURABAYA,KEC. LAKARSANTRI,JL. LIDAH KULON 29-A SURABAYA
20534424,SD PLUS AR RAHMAN,SD,0354684708,sdplusarrahman@gmail.com,YAYASAN PENDIDIKAN ARRAHMAN,KOTA KEDIRI,KEC. PESANTREN,JL. BANARAN 108
60725361,SDI ADDURIYAH,SD,085231640652,sdi.adduriyah07@gmail.com,YAYASAN ADDURRIYAH,KAB. PAMEKASAN,KEC. KADUR,DSN. ANGSANAH BARAT
20533862,SD K BRAWIJAYA 01,SD,0341343819,sdkrbraw@gmail.com,YAYASAN PENDIDIKAN KRISTEN JAWA TIMUR,KOTA MALANG,KEC. KLOJEN,JL. BRAWIJAYA N0. 1
20573390,SD PLUS AL- FIRDAUS,SD,087850543999,sd.plus.alfirdaus@gmail.com,DAYA BHAKTI PERSADA,KAB. PAMEKASAN,KEC. PADEMAWU,JL. RAYA TAMBUNG
20555476,SD BADRUT TAMAM,SD,085236397739,sdbadruttamam@yahoo.co.id,YAYASAN BADRUT TAMAM,KOTA PROBOLINGGO,KEC. WONOASIH,JL. KLENGKENG NO. 22
70058139,SDIT MTA NGAWI,SD,,,YAYASAN MAJLIS TAFSIR AL QUR'AN SURAKARTA,KAB. NGAWI,KEC. NGRAMBE,JL NGRAMBE WALIKUKUN KM 03
20535403,SD PANCASILA,SD,0343418487,sdpancasila12@gmail.com,YAYASAN PENDIDIKAN PANCASILA,KOTA PASURUAN,KEC. PANGGUNGREJO,JL. HASANUDIN NO. 12
69880765,SDI NURUL HIDAYAH,SD,,sdinurulhidayah03@gmail.com,AL MAHSUNIL HIDAYAH,KAB. BANGKALAN,KEC. GEGER,DUSUN LONPOCOK DESA DABUNG
20566057,SD ISLAM RIYADLUS SHOLIHIN,SD,085230777101,sdi.riyadlussholihin07@gmail.com,PERKUMPULAN PONDOK PESANTREN DAN TARBIYATUL AYTAM SAYYID MUHAMMAD BIN ALWI,KAB. PROBOLINGGO,KEC. SUMBERASIH,DUSUN KRAJAN II
20502309,SDI PANCASILA,SD,0318970989,sdislampancasila@gmail.com,YAYASAN TAMAN PENDIDIKAN AL-HIDAYAH KRIAN SIDOARJO,KAB. SIDOARJO,KEC. KRIAN,PONOKAWAN RT 08 RW 03
20521336,SD ISLAM ROUDLOTUL JANNAH,SD,,sdiroudlotuljannah65@gmail.com,LEMBAGA PENDIDIKAN MA'ARIF NU,KAB. LUMAJANG,KEC. PASIRIAN,DUSUN KARANG TENGAH MADUREJO
69866763,SDIE HIDAYATUL UMMAH,SD,085932644135,sdiehidayatulummahofficial@gmail.com,YAYASAN PONDOK PESANTREN SUBULUS SYAFI'IN,KAB. MAGETAN,KEC. KAWEDANAN,DS. POJOK RT.04 RT.02 KAWEDANAN KAB. MAGETAN
20583973,SD ISLAM ASWAJA,SD,328223,sdiaswaja@gmail.com,YAYASAN PONDOK PESANTREN AHLUS SA'ADAH AL ISLAMI,KOTA MALANG,KEC. KLOJEN,JL. THAMRIN NO.1
20548440,SD MUHAMMADIYAH 2 PENDIL,SD,0335611074,sdmuhammadiyah2pendil@gmail.com,PIMPINAN DAERAH MUHAMMADIYAH (PDM) KAB. PROBOLINGGO,KAB. PROBOLINGGO,KEC. GENDING,JL. RAYA SEBAUNG - GENDING
70015910,SD PROGRAM UNGGULAN ASSUNNIYAH,SD,082231481923,sduassunniyyah@gmail.com,ASSUNNIYYAH,KAB. LUMAJANG,KEC. PASIRIAN,DUSUN TEGIR DESA PASIRIAN
20533016,SD KRISTEN KALAM KUDUS SURABAYA,SD,0317312342,sdkkk_sby@yahoo.com,YAYASAN KALAM KUDUS INDONESIA CAB. SURABAYA,KOTA SURABAYA,KEC. SUKOMANUNGGAL,SIMO HILIR BARAT XV / 08
20531388,SD KATOLIK MARIA FATIMA,SD,,sdkmariafatimabangkalan@gmail.com,YAYASAN KARMEL,KAB. BANGKALAN,KEC. BANGKALAN,JL. KH. HASYIM ASYARI NO.30-A
20533906,SD KATOLIK MARDI WIYATA 02,SD,0341366074,mwiyata2@gmail.com,MARDI WIYATA,KOTA MALANG,KEC. KLOJEN,JL. SEMERU 36
20558454,SD ISLAM TERPADU AL AZHAR KEDIRI,SD,03546023677,sditalazharkediri@gmail.com,YAYASAN AL-AZHAR KEDIRI,KOTA KEDIRI,KEC. MOJOROTO,JL. TAMAN SARI GANG MASJID NURUL HUDA
20502311,SD HANG TUAH 11 GEDANGAN,SD,0318911570,sdhangtuah11_sidoarjo@yahoo.co.id,HANG TUAH CABANG SURABAYA,KAB. SIDOARJO,KEC. GEDANGAN,JL. RENCONG NO. 7 RUMDIS TNI - AL
70035210,SDIT TANWIRUL AFKAR,SD,,sdittanwirulafkar@gmail.com,PERKUMPULAN PENDIDIKAN DAN SOSIAL AL-URWATUL WUTSQO SUMBERAGUNG,KAB. MALANG,KEC. NGANTANG,JALAN KALI SUCI DUSUN DERMOSARI
20534793,SD ISLAM TERPADU PERMATA,SD,03215885631,humas.sditpermatamojokerto@gmail.com,YAYASAN PERMATA MOJOKERTO,KOTA MOJOKERTO,KEC. KRANGGAN,LINGK. KUWUNG RT 02/RW 03
70058276,SD AR RAHMAH PEPELEGI,SD,082338078490,sdarrahmahpplg@gmail.com,AR-RAHMAH PEPELEGI,KAB. SIDOARJO,KEC. WARU,JALAN JATISARI NO. 56A RT 03 RW 06 PEPELEGI
69727028,SDS MUHAMMADIYAH 1,SD,085184645656,sdmuh1bangkalan@gmail.com,PIMPINAN DAERAH MUHAMMADIYAH (PDM) KAB. BANGKALAN,KAB. BANGKALAN,KEC. BANGKALAN,JL. KH. MOH CHOLIL NO. 31 BKL
20537627,SD AISYIYAH 1,SD,0358329509,sdaonenganjuk@gmail.com,PIMPINAN DAERAH MUHAMMADIYAH (PDM) KAB. NGANJUK,KAB. NGANJUK,KEC. NGANJUK,JL.MEGANTORO NO.46
69727025,SD ISLAM RAUDLATUL MUBTADIIN,SD,087850835477,sdilembung@yahoo.com,ARRAHMANY BABUSSALAM HUSEIN,KAB. BANGKALAN,KEC. KOKOP,DESA LEMBUNG GUNUNG
20536860,SD MUHAMMADIYAH 04 BATU,SD,0341590755,sdmuh04batu@gmail.com,PIMPINAN DAERAH MUHAMMADIYAH (PDM) KOTA BATU,KOTA BATU,KEC. BATU,JL. WELIRANG 17
70042241,SDS ISLAM BANI SUBAKIR,SD,,,HIDAYATUT TULLAB GUNUNGELEH,KAB. SAMPANG,KEC. KEDUNGDUNG,DUSUN BANGSAL UTARA
20525036,SDS ISLAM MIFTAHUL ULUM,SD,081217856567,sdi.miftahululum2005@yahoo.com,MIFTAHUL ULUM,KAB. JEMBER,KEC. MUMBULSARI,CURAH LAOS
20574519,SD ISLAM NURUL HUDA,SD,08179376258,sdinurulhudakonang@gmail.com,YAYASAN ISLAM NURUL HUDA,KAB. BANGKALAN,KEC. KONANG,DUSUN KARPOTE SAMBIYAN
70012032,SD SAMPOERNA (SAMPOERNA ACADEMY) SURABAYA,SD,,,YAYASAN PUTERA SAMPOERNA,KOTA SURABAYA,KEC. TANDES,JALAN BANJAR SUGIHAN (KAWASAN GRAND PAKUWON NOMOR KAVELING JMU-02 & JMU-03
70043358,SD KHAYMING,SD,03137950000,khayming.dinas@gmail.com,YAYASAN KHAYMING HARAPAN BANGSA,KOTA SURABAYA,KEC. LAKARSANTRI,JL LAKARSANTRI 16 MADE
69920419,SDIT HASAN SANUSI,SD,085655455898,sdithasansanusi@gmail.com,NURUL ACHMADI CATAKGAYAM,KAB. JOMBANG,KEC. MOJOWARNO,JL. KH. HASAN SANUSI NO. 09 RT. 001 RW. 004 CATAKGAYAM
69950638,SDIT AL KAHFI,SD,081233885350,alkahfiyayasan1@gmail.com,YAYASAN SOSIAL DAN PENDIDIKAN AL- KAHFI,KAB. JOMBANG,KEC. MOJOWARNO,"DSN. MOJOGENENG, RT:16,RW:04 DESA GEDANGAN"
20531956,SD ASY SYAFI`IYAH,SD,0317496779,asysyafi'iyahsd@gmail.com,YAYASAN ASY SYAFI'IYAH,KOTA SURABAYA,KEC. SUKOMANUNGGAL,JL. SIMOREJO SARI B VII/7-9
20549098,SDS ISLAM BAHRUL ULUM,SD,082333222495,sdi.bahrululum@yahoo.co.id,AL - MIFTAH,KAB. SAMPANG,KEC. SOKOBANAH,DSN CERECET
20539949,SDSK  YUSTINUS DE YACOBIS,SD,0318973359,sdkyudeya@gmail.com,YOHANNES GABRIEL,KAB. SIDOARJO,KEC. KRIAN,JLN KI HAJAR DEWANTARA 35
70064331,SD QUR’ANIC INTEGRATED SCHOOL OF MUHAMMADIYAH,SD,,,PIMPINAN DAERAH MUHAMMADIYAH (PDM) KAB. SUMENEP,KAB. SUMENEP,KEC. KOTA SUMENEP,JL. URIP SUMOHARJO NO. 14 DESA PABIAN SUMENEP
20532850,SD SANTO YOSEF,SD,0315662086,sintyos@gmail.com,YAYASAN TARAKANITA,KOTA SURABAYA,KEC. WONOKROMO,"JL. JOYOBOYO NO. 19, SURABAYA"
20569043,SD ISLAM RAUDHATUL MUTAALIMIN,SD,087701012231,sdimutaalimin@gmail.com,RAUDHATUL MUTAALLIMIN,KAB. BANGKALAN,KEC. KOKOP,JL. DSN. SEKGERSEK
20577227,SD ISLAM TERPADU SEGODOREJO,SD,03216210096,sdit.segodorejo@yahoo.com,YAYASAN PENDIDIKAN DESA SEGODOREJO,KAB. JOMBANG,KEC. SUMOBITO,JL. KAPT. ABD. ROHIM NO. 98
20576766,SD ISLAM DARUL KAROMAH,SD,087762772828,sdi.darmah@gmail.com,YAYASAN DARUL KAROMAH,KAB. PAMEKASAN,KEC. LARANGAN,BICABBI 1
20533050,SD ISLAM JIWA NALA SURABAYA,SD,0318792634,sdijiwanala@yahoo.co.id,YAYASAN PENDIDIKAN ISLAM JIWA NALA,KOTA SURABAYA,KEC. RUNGKUT,JL. RAYA KEDUNG ASEM NO. 47 - 49
20532997,SD KARTIKA,SD,0315666588,sekolahdasarkartika@gmail.com,YAYASAN KARTIKA 42,KOTA SURABAYA,KEC. SAWAHAN,JL. SIMO GUNUNG KRAMAT BARAT NO 42 SBY
20518692,SD AN NUR,SD,0341787163,sdannur@yahoo.co.id,LEMBAGA PENDIDIKAN MA'ARIF NU PCNU KABUPATEN MALANG,KAB. MALANG,KEC. TUMPANG,JL. KAUMAN 20
20577839,SD ALAMI DRIYOREJO,SD,082133078809,sdalami.edugress@gmail.com,YAYASAN AL-MUSHAFFA,KAB. GRESIK,KEC. DRIYOREJO,JL. EMBONG TRENGGULI RT 08 RW 02
20532849,SD RW X DEMAK JAYA SURABAYA,SD,081233398077,sd_rwx@yahoo.co.id,YAYASAN RADEN WIJAYA,KOTA SURABAYA,KEC. BUBUTAN,JL. DEMAK JAYA III / 55 SURABAYA
20512697,SD ISLAM AL FATH,SD,0354395066,sdislamalfathpare@gmail.com,PERKUMPULAN AL FATH,KAB. KEDIRI,KEC. PARE,JL. SUMATRA NO. 27A
20541794,SD ISLAM HUDAN LINNAS,SD,085732142500,sdi.hudanlinnas027@gmail.com,YAYASAN PENDIDIKAN ISLAM KYAI HAMDANI,KOTA MADIUN,KEC. KARTOHARJO,JL. KYAI HAMDANI NO.1 MADIUN
70050102,SD ISLAM RAUDLATUL MUSTHOFA,SD,,,AL ISHLAH,KAB. TULUNGAGUNG,KEC. REJOTANGAN,DUSUN DUNGMANTEN
69955224,SDI AGUNG BAITUR ROHMAN,SD,,rohmatsdi120@gmail.com,NURUL HIDAYAH AN NAWAWIYAH,KAB. BANGKALAN,KEC. KONANG,DUSUN PRENDUAN BEJERUK DESA BATOKABAN
20539137,SD ISLAM TERPADU AL-FATHIMIYYAH,SD,0317441035,sditalfathimiyyah@yahoo.com,YAYASAN AL FATHIMIYYAH,KOTA SURABAYA,KEC. PAKAL,JL. LAPANGAN BENOWO NO. 10
20533055,SD HIDAYATUL MUSTAQIM,SD,,sdhidayatulmustaqim@rocketmail.com,HIDAYATUL MUSTAQIM,KOTA SURABAYA,KEC. WONOKROMO,JL. LOMBOK 1-A
20573190,SD MUHAMMADIYAH 1 NGRAMBE,SD,085878333774,sdmuhsatungrambe@gmail.com,PIMPINAN DAERAH MUHAMMADIYAH (PDM) KAB. NGAWI,KAB. NGAWI,KEC. NGRAMBE,"JL RAYA NGRAMBE- SINE KM 0,2 NGRAMBE"
70037097,SDI HASYIM ASYARI SEKARPURO,SD,085154066636,sdihasekarpuro@gmail.com,LEMBAGA PENDIDIKAN MA'ARIF NU PCNU KABUPATEN MALANG,KAB. MALANG,KEC. PAKIS,JALAN MELATI NO. 124
20554142,SD ISLAM ALMAARIF 02,SD,0341452095,sdi_alma@yahoo.co.id,YP. ALMAARIF SINGOSARI- MALANG,KAB. MALANG,KEC. SINGOSARI,JL. MASJID 115A KELURAHAN PAGENTAN SINGOSARI
20553875,SDS PLUS AL IKROM,SD,082336814045,alikrom2007@gmail.com,YAYASAN AL IKROM,KAB. JEMBER,KEC. SUKOWONO,JL. KARANG PAITON 30
20571287,SDI NURUL ISLAM,SD,,sdinurulislam1@yahoo.com,DARUL MUSTAQIM,KAB. PAMEKASAN,KEC. PROPPO,DESA BADUNG
20502840,SDIT AL ANWAR,SD,081217205499,sdit.alanwar2020@gmail.com,LPIS AL-ANWAR,KAB. MOJOKERTO,KEC. MOJOSARI,MODOPURO G VI NO 05
70044039,SD NU 03 BONDOWOSO,SD,082331077676,sdnu3bondowoso@gmail.com,LP MA'ARIF NU BONDOWOSO,KAB. BONDOWOSO,KEC. PRAJEKAN,DSN. GARUNGUNGAN RT.38 RW.18
20526095,SD KATOLIK BUDI LUHUR,SD,0333821360,sdk.budiluhur03@gmail.com,YAYASAN KARMEL,KAB. BANYUWANGI,KEC. GLENMORE,JLN DR. SUTOMO NO. 3
70043329,SD ISLAM NURUL ULUM,SD,,,YAYASAN PENDIDIKAN NURUL ULUM,KAB. GRESIK,KEC. DRIYOREJO,JL. SEMERU 99 RT 007 RW 002
69916945,SDI NU AL MUTTAQIN,SD,081332162448,sdialmuttaqin15@gmail.com,DARUL MUTTAQIN,KAB. BANYUWANGI,KEC. SILIRAGUNG,TIMUR JEMBATAN BARU SELOAGUNG
69963184,SD ISLAM ROUDLOTUL HIKMAH,SD,085648874572,sdiroudlotulhikmah@gmail.com,YPP ROUDLOTUL HIKMAH,KAB. GRESIK,KEC. WRINGIN ANOM,DUSUN NGAMPON RT 011  RW 003
20557627,SD ISLAM AL AMNANIYAH KARANGJATI,SD,085708033916,sdialamnaniyah.karangjati@gmai.com,AL AMNANIYAH BANGON,KAB. NGAWI,KEC. KARANGJATI,JL. RAYA NGAWI - CARUBAN
69943724,SD ISLAM SABILIL FALAH,SD,0318830644,sdsabililfalahsukodono@gmail.com,SALAFIYAH METAL,KAB. SIDOARJO,KEC. SUKODONO,JL. KH. MANSOER RT.20 RW.06
20540258,SD PLUS DARUL ULUM,SD,0321875122,sdplusdujbg@gmail.com,YAYASAN PESANTREN TINGGI DARUL ULUM PETERONGAN JOMBANG,KAB. JOMBANG,KEC. JOMBANG,JL. SULTAN AGUNG NO. 3 JOMBANG
20502308,SD KATOLIK SANTO YUSUP,SD,0318661746,sdksantoyusuptropodo@gmail.com,YOHANNES GABRIEL,KAB. SIDOARJO,KEC. WARU,JL BRANTAS WISMA TROPODO
20539952,SDK UNTUNG SUROPATI II,SD,8953325,sdkuntungsurapati2sda@gmail.com,YOHANNES GABRIEL,KAB. SIDOARJO,KEC. SIDOARJO,JL TENNIS 3
20554253,SD NU 06 MIFTAHUL ULUM,SD,03317864619,sdnu06miftahululumwlh@gmail.com,YAYASAN PONDOK PESANTREN ISLAM BINTANG SEMBILAN,KAB. JEMBER,KEC. WULUHAN,JL. WATU  ULO RT. 06 RW. 02 GROBYOK
70028707,SDS ISLAM AL-KAUTSAR,SD,0818422757,sdialkautsarr@gmail.com,,KAB. SAMPANG,KEC. KEDUNGDUNG,DUSUN MANGGAR
69943439,SDI KHADIJAH,SD,085232786884,sdi.khadijah.sukorejo@gmail.com,DA'WATUL HASANAH,KAB. NGANJUK,KEC. LOCERET,JL MERAPI NO 2 DUSUN BESUK DESA SUKOREJO KECAMATAN LOCERET
69984257,SD ISLAM NU PAPAR,SD,085655684255,sdislamnupapar@gmail.com,YAYASAN DARUL HIKAM PAPAR,KAB. KEDIRI,KEC. PAPAR,JL. GG. MASJID BAITURROHMAN NO. 1 DSN. CANGKIREJO DS. MADURETNO
20554706,SDIT ULUL ALBAB,SD,,ululalbab.ngjk@gmail.com,YAYASAN ULUL ALBAB NGANJUK,KAB. NGANJUK,KEC. LOCERET,JL. MERAPI IV GANG BENGKEL
20532991,SD ISLAM SAROJA,SD,0318431576,sditsaroja@gmail.com,MASJID ROUDHOTUL JANNAH SURABAYA,KOTA SURABAYA,KEC. TENGGILIS MEJOYO,KUTISARI UTARA I/15
69831483,SD ISLAMIC INTERNASIONAL SCHOOL-PSM GROGOL,SD,0354773715,iis.kediri@gmail.com,YAYASAN PERGURUAN ISLAM PESANTREN SABILIL MUTTAQIEN (Y.P.I - P.S.M),KAB. KEDIRI,KEC. GROGOL,"JL. MADURA NO. 10, DS. GROGOL, GROGOL"
20574778,SD ISLAM TERPADU AL IBROHIMI,SD,081357050396,alibrohimisdit@gmail.com,YAYASAN USHULUL HIKMAH AL IBROHIMI,KAB. GRESIK,KEC. MANYAR,JL. PP. AL IBROHIMI 01/40 MANYAREJO
20554002,SD ISLAM AL BALYA,SD,082139818557,sdialbalya@gmail.com,AL BALYA AL AMIN,KAB. BANGKALAN,KEC. LABANG,SENDANG DAYA
20514021,SD AR RAHMAN,SD,0358551263,arrahmankertosono@yahoo.co.id,YAYASAN AR-RAHMAN DR SOETOMO,KAB. NGANJUK,KEC. KERTOSONO,JL. RAYA NO. 9 NGLAWAK KERTOSONO
20533901,SD ISLAM AL HIKMAH,SD,0341808216,sdislam_alhikmah@yahoo.com,AL HIKMAH,KOTA MALANG,KEC. SUKUN,JL. KOL. SUGIONO  GG. VIII NO.50
20539953,SD ISLAM WAHID HASYIM,SD,0318945268,sdiwahidhasyimsekardangan@gmail.com,YAYASAN PENDIDIKAN WAHID HASYIM,KAB. SIDOARJO,KEC. SIDOARJO,JL. JOGOYUDHO NO.81
69984678,SD BERLIAN,SD,085171692955,sdberlian.plaosan@gmail.com,TUNAS MELATI MAGETAN,KAB. MAGETAN,KEC. PLAOSAN,"JL. RAYA MIGIT 08/01, PLAOSAN"
69773499,SD ISLAM TEBUIRENG IR. SOEDIGNO,SD,081230913339,sditebuireng@gmail.com,YAYASAN KYAI HAJI MUHAMMAD HASYIM ASY'ARI,KAB. JOMBANG,KEC. KESAMBEN,DS. KESAMBEN
20577840,SD ISLAM TERPADU DARUL FALAH,SD,0321862462,sditdarulfalah1234@gmail.com,YAYASAN DARUL FALAH CUKIR,KAB. JOMBANG,KEC. DIWEK,"JL. MASJID JAMI ROUDLOTUL ARIFIN RT/RW : 003/004, DS CUKIR, KEC.DIWEK"
20549294,SD INTEGRAL YAA BUNAYYA,SD,083861703182,yaabunayya.blitar01@gmail.com,YAYASAN ISTIQLAL HIDAYATULLAH,KAB. BLITAR,KEC. SANANKULON,JALAN LINTAS BLITAR TULUNGAGUNG
69787579,SD WAHIDIYAH,SD,085784424467,sekolahwahidiyah717@gmail.com,PERJUANGAN WAHIDIYAH DAN PONDOK PESANTREN KEDUNGLO KEDIRI,KAB. TULUNGAGUNG,KEC. KARANGREJO,JALAN SUMBER BIRU RT 2 / RW 2 SUKOREJO
69727024,SD ISLAM ABDILLAH,SD,082330714792,sdiabdillah123@gmail.com,YAYASAN ISLAM DARUL AKROM,KAB. BANGKALAN,KEC. GEGER,DUSUN TENGGIN DESA KOMPOL
20518710,SD ISLAM SUNAN AMPEL,SD,0341807003,sunanampelsdi@gmail.com,YAYASAN ATH-THORIQ,KAB. MALANG,KEC. WAGIR,MENDALANWANGI
20525038,SD KATOLIK MARIA FATIMA,SD,0331487886,sdkmf_jbr@yahoo.com,PERKUMPULAN DHARMAPUTRI,KAB. JEMBER,KEC. KALIWATES,JL. KARTINI 24
20547264,SDI INSAN KAMIL,SD,0356331988,sdislam.insankamil@gmail.com,BINA INSAN KAMIL,KAB. TUBAN,KEC. TUBAN,JL. MUTIARA DESA KEMBANGBILO
20531855,SD AL - HUDA,SD,081803166301,sd.alhuda32@gmail.com,YAYASAN PENDIDIKAN MA'ARIF NU AL HUDA,KOTA SURABAYA,KEC. MULYOREJO,JL. KALISARI DAMEN NO. 32
69973362,SDI LITTLE CAMEL,SD,03215285999,littlecamelelementaryschool@gmail.com,FADHILAH AL-MUNAWWIR,KOTA MOJOKERTO,KEC. KRANGGAN,JL. IRIAN JAYA NO. 2 RT. 06/RW. 03 MOJOKERTO
20539878,SD MUHAMMADIYAH 2 TAMAN,SD,0317877760,sdmuhsepanjang@ymail.com,PIMPINAN DAERAH MUHAMMADIYAH (PDM) KAB. SIDOARJO,KAB. SIDOARJO,KEC. TAMAN,JL. HUSEIN IDRIS 14
20501904,SDS MAARIF NU NGABAN,SD,0318056932,sdmaarifnungaban@gmail.com,BPPPMNU CABANG KAB. SIDOARJO,KAB. SIDOARJO,KEC. TANGGULANGIN,JL. RAYA NGABAN NO. 23
20548346,SD KRISTEN ALETHEIA,SD,0333845701,sekolahkristenaletheiagtg@gmail.com,YAYASAN KRISTEN ALETHEIA INDONESIA,KAB. BANYUWANGI,KEC. GENTENG,JL. KH. WACHID HASYIM NO.87
20501133,SD MUHAMMADIYAH 2 BALONGPANGGANG,SD,08388312008,sdm2blpg@yahoo.co.id,PIMPINAN DAERAH MUHAMMADIYAH (PDM) KAB. GRESIK,KAB. GRESIK,KEC. BALONG PANGGANG,JL. JAMBU NO. 46
20525014,SDS KRISTEN PHILIA,SD,033688133,sdskristenphilia@gmail.com,EKKLESIA,KAB. JEMBER,KEC. AMBULU,JL. PENDIDIKAN NO.22
20555708,SD ISLAM TERPADU PERMATA,SD,082228325776,sditpermata@gmail.com,YAYASAN ISHLAHUL UMMAH PROBOLINGGO,KAB. PROBOLINGGO,KEC. KRAKSAAN,PERUM JATI ASRI 2 BLOK DD 10
69761937,SD ISLAM DARUL FALAH AL MAHALLI,SD,081297510817,sdidarulfalahalmahalli77@gmail.com,YAYASAN DARUL FALAH AL MAHALLI,KAB. SITUBONDO,KEC. MLANDINGAN,JL. K. SAFRAN NO. 03 DUSUN SEMEK
20532986,SD ISTIQBAL,SD,5011418,sdistiqbal27@gmail.com,YAYASAN MASJID ISTIQBAL,KOTA SURABAYA,KEC. WONOKROMO,JL.NGAGEL REJO II / 27
69755335,SDS ISLAM MIFTAHUL ULUM BANYUATES,SD,082334026323,sdsmiftahululum003@gmail.com,YAYASAN PENDIDIKAN ISLAM AR ROHMAN OLOR,KAB. SAMPANG,KEC. BANYUATES,DSN. OLOR
20577491,SD ISLAM AL FURQON,SD,085228450799,ahsanunnasihalfurqon@gmail.com,AL FURQON PAKUNIRAN,KAB. PROBOLINGGO,KEC. PAKUNIRAN,DUSUN KRAJAN RT 03 RW 01
70045985,SD ISLAM AL FIRDAUS,SD,085173449604,nufa.tahfidz19@gmail.com,YAYASAN PENDIDIKAN DAN SOSIAL NURUL FALAH,KAB. MOJOKERTO,KEC. PURI,DUSUN UNGGAHAN RT. 02 RW. 08
20533913,SD KRISTEN PETRA,SD,0341352669,sdkrpetra53@yahoo.com,YBPK PETRA MALANG,KOTA MALANG,KEC. KLOJEN,JL.PROF.MOH.YAMIN SH NO.53
20554775,SD MUHAMMADIYAH 1 KEDUNGGALAR,SD,085234767538,sdmuhsaka@gmail.com,PIMPINAN DAERAH MUHAMMADIYAH (PDM) KAB. NGAWI,KAB. NGAWI,KEC. KEDUNGGALAR,SUMBERAGUNG JATIGEMBOL KEDUNGGALAR NGAWI
70012419,SDS ISLAM JAUHIRUL FURQON,SD,,,YAYASAN JAUHIRUL FURQON,KAB. SAMPANG,KEC. KETAPANG,DUSUN SUMBER LANGGAR
20518713,SDIT YA BUNAYYA,SD,081234516680,sdityabuanyya@gmail.com,YAYASAN PERSYADA AL HAROMAIN SURABAYA,KAB. MALANG,KEC. PUJON,JL . ABDUL MANAN WIJAYA 141
20554378,SD ISLAM AL HADAD SINGGAHAN,SD,081231263600,sdi.alhadad@gmail.com,AL MUBAAROKAH,KAB. TUBAN,KEC. SINGGAHAN,JL. RA. KARTINI NO. 17
20549300,SDI KREATIF ZAID BIN TSABIT,SD,081282940855,sdi_kreatif_zaidbintsabit@yahoo.co.id,ZAID BIN TSABIT PANATARAN,KAB. BLITAR,KEC. NGLEGOK,JL. A. YANI RT 01 RW 01 LINGKUNGAN NGLEGOK 1 KELURAHAN NGLEGOK
20554927,SD ISLAM AL KHAIRIYAH,SD,417104,alkhairiyahsdislam@gmail.com,YAYASAN PERGURUAN ISLAM AL-KHAIRIYAH BANYUWANGI,KAB. BANYUWANGI,KEC. BANYUWANGI,JL. KAPTEN ILYAS 47
20539072,SD DARUL FALAH SURABAYA,SD,085735573031,sd.islam.darulfalah1990@gmail.com,YAYASAN PENDIDIKAN DARUL FALAH,KOTA SURABAYA,KEC. KENJERAN,JL. KALILOM LOR I/25
20549886,SDS PLUS AL MUBAROKAH,SD,03367719419,sdplusalmubarokah@gmail.com,AL MUBAROKAH,KAB. JEMBER,KEC. GUMUK MAS,PANGGUL MELATI DESA KEPANJEN
70047211,SDS ISLAM AS-SYAKUR,SD,085231706613,,YAYASAN PENDIDIKAN DAN SOSIAL AS - SYAKUR,KAB. SAMPANG,KEC. TAMBELANGAN,DUSUN SABIAN
20533125,SD KHADIJAH 3,SD,0317400487,sdkh3sby@gmail.com,YAYASAN TAMAN PENDIDIKAN DAN SOSIAL NAHDLATUL ULAMA KHADIJAH,KOTA SURABAYA,KEC. SAMBI KEREP,JL.RAYA LONTAR CANDI LEMPUNG 2-4
70031231,SD SURABAYA GRAMMAR SCHOOL II,SD,08113566551,sgs.grandpakuwon@gmail.com,YAYASAN LAI SUHARTONO,KOTA SURABAYA,KEC. TANDES,JL. BANJAR MUTIARA ASRI NO. 1C (LAMA: JL. BANJAR NUSA INDAH V)
20518732,SDS ISLAM SANANREJO,SD,0341827969,sdislam.sananrejo@gmail.com,AL MAARIF,KAB. MALANG,KEC. TUREN,JL. KH WACHID HASYIM  NO. 10
20564338,SD NURUL JADID,SD,511977,nuruljadid.sdi@gmail.com,YAYASAN BANI ASZAR,KAB. SUMENEP,KEC. BATANG-BATANG,JL. RAYA BATUPUTIH NO. 30
20515693,SD ISLAM BAYANUL AZHAR,SD,081334745208,bayanul_azhar@yahoo.com,YASASAN PONDOK PESANTREN BAYANUL AZHAR,KAB. TULUNGAGUNG,KEC. SUMBERGEMPOL,SUMBERGEMPOL
70060819,SDS ISLAM IBNU ALY,SD,,,AL-IMAMIYAH,KAB. SAMPANG,KEC. BANYUATES,DUSUN JUAMPET TIMUR
20554919,SD ISLAM AL ISLAH,SD,081249956037,sdialislah@gmail.com,AL ISHLAH BANYUWANGI,KAB. BANYUWANGI,KEC. GENTENG,JL. PRING SEJUTA DUSUN KALIPUTIH
20554517,SD KATOLIK SANTA MARIA,SD,0354397224,santamariapare@gmail.com,YOHANNES GABRIEL,KAB. KEDIRI,KEC. PARE,JL. LETJEN SUTOYO NO. 78 PARE
70001575,SD ISLAM PERMATA MOJOSARI MOJOKERTO,SD,081386478811,sdipermatamojosari@gmail.com,YAYASAN PERMATA MOJOSARI MOJOKERTO,KAB. MOJOKERTO,KEC. MOJOSARI,DUSUN MENANGGAL RT. 007 RW. 001
20526093,SD ISLAM DARUL FAIZIN,SD,082145110230,sdi.darulfaizin@gmail.com,YAPIS DARUL FAIZIN,KAB. BANYUWANGI,KEC. GIRI,JL. KH. SHONHADJI ROSYIDI NO.03
20534219,SDK SANTA MARIA MADIUN,SD,0351464083,st_maria1@yahoo.com,YOHANNES GABRIEL,KOTA MADIUN,KEC. TAMAN,JL. COKROAMINOTO 127
20574772,SD ISLAM AL-BAISUNY,SD,081231409061,sdialby@gmail.com,YAYASAN BANY SUYUTY AL BAISUNY,KAB. BANGKALAN,KEC. KOKOP,JL. KH.SUYUTHI LANTAKAN
20526017,SD KATOLIK SANTO IGNATIUS,SD,0333593792,sdkstignatiusmuncar@gmail.com,YAYASAN KARMEL,KAB. BANYUWANGI,KEC. MUNCAR,JL. RAYA MUNCAR NO 8
20501903,SD MUHAMMADIYAH 2 SIDOARJO,SD,0318966695,sdamada@gmail.com,PIMPINAN DAERAH MUHAMMADIYAH (PDM) KAB. SIDOARJO,KAB. SIDOARJO,KEC. SIDOARJO,JL PASAR JETIS 28
20532974,SD PRAJA MUKTI SURABAYA,SD,085704369688,sdprajamukti20532974@gmail.com,PERKUMPULAN PENGELOLA PENDIDIKAN PRAJAMUKTI SURABAYA (P3PMS),KOTA SURABAYA,KEC. TEGAL SARI,WONOREJO 4 NO. 45 SURABAYA
20539089,SD KATOLIK STELLA MARIS SURABAYA,SD,0313538643,stellamarisjaya@gmail.com,PERKUMPULAN DHARMAPUTRI,KOTA SURABAYA,KEC. BUBUTAN,JL. TEMBAAN 18-22 SURABAYA
20541294,SD SANTA LORENT,SD,0313813826,santa_lorent@yahoo.co.id,YAYASAN PENDIDIKAN SANTA LORENT,KOTA SURABAYA,KEC. MULYOREJO,JL. KALIJUDAN MADYA II / 7
20548437,SD ISLAM M. ISHAK BIN RAMZAN,SD,844279,sdiramzan@yahoo.co.id,YAYASAN AL-MABRUR,KAB. PROBOLINGGO,KEC. KRAKSAAN,JL. SUNAN KUDUS NO.09
20554812,SD ISLAM ISYHAR,SD,0358792953,sdiisyhar@gmail.com,YAYASAN ISLAM SYAFI'IYAH HAJI ARIF GROMPOL,KAB. NGANJUK,KEC. PRAMBON,GROMPOL
69788564,SDI AL FALAH,SD,087849656755,sdialfalah@yahoo.com,,KAB. BANGKALAN,KEC. KONANG,DUSUN SERPANG DESA DURIN TIMUR
20534692,SD ISLAM PLUS AL AZHAR,SD,383333,sdipalazharmjk@gmail.com,YAYASAN AL-AZHAR MOJOKERTO,KOTA MOJOKERTO,KEC. MAGERSARI,JL. AL-AZHAR KEDUNDUNG MAGERSARI
69888547,SDI RAUDLATUL ULUM,SD,087849645488,zain_albab@yahoo.com,RAUDLATUL ULUM,KAB. BANGKALAN,KEC. KONANG,KMP. PARSEH DS. SAMBIYAN
70056773,SD AL UBAIDAH,SD,,,AL UBAIDAH,KAB. NGANJUK,KEC. KERTOSONO,DS. TEMBARAK KEC. KERTOSONO KAB. NGANJUK
69979585,SD MUHAMMADIYAH INOVATIF,SD,082244942498,sdm.inovatifmlarak@gmail.com,PIMPINAN DAERAH MUHAMMADIYAH (PDM) KAB. PONOROGO,KAB. PONOROGO,KEC. MLARAK,JL. RAYA JABUNG - MLARAK
20502305,SD MAARIF KETEGAN,SD,0317872310,sdmaarifketegan@yahoo.co.id,LEMBAGA PENDIDIKAN MA'ARIF,KAB. SIDOARJO,KEC. TAMAN,JL. RAYA KETEGAN NO. 31
20531836,SD AISYAH SURABAYA,SD,0315344595,syahroniaisyah@gmail.com,YAYASAN PENDIDIKAN ISLAM AISAH,KOTA SURABAYA,KEC. GENTENG,JL. PENELEH IX/23
20574432,SD ISLAM BABUS SALAM,SD,087851047702,sdibabussalam@yahoo.com,YAYASAN DARUS SALAM SUMBER PAKOH,KAB. BANGKALAN,KEC. GEGER,DUSUN SUMBER PAKU
20526998,SD KATOLIK SANTO REDEMPTUS,SD,0324322841,sdk.redemptus@yahoo.com,YAYASAN KARMEL,KAB. PAMEKASAN,KEC. PADEMAWU,JL. STADION NO. 172
69889018,SDI. AL - MANAR,SD,085203932642,sdialmanar2020@gmail.com,AL MANAR,KAB. SUMENEP,KEC. BATANG-BATANG,DS. TOTOSAN KEC. BATANG - BATANG
70008688,SD ISLAM AN NAHL,SD,081240005957,sdiislamannahl2019@gmail.com,YAYASAN TAMAN AN NAHL,KAB. SIDOARJO,KEC. TAMAN,JL. BRINGINBENDO NO 2 RT 03 RW 01 TAMAN
70043134,SD ISLAM AL-GHAFFAAR,SD,0812345540003,sdialghaffaar@gmail.com,YAYASAN ISLAM AHLUSSUNNAH WALJAMAAH ALGHAFFAAR,KAB. MALANG,KEC. DAU,JALAN RAYA SENGKALING NO. 285 RT. 1 RW. 3
20533909,SD MUHAMMADIYAH 01,SD,0341366133,muh1.1927@gmail.com,PIMPINAN DAERAH MUHAMMADIYAH (PDM) KOTA MALANG,KOTA MALANG,KEC. KLOJEN,JL. KAWI NO. 7
20521337,SD ISLAM AL - ASNA BARAT,SD,085235135966,sdialasna@gmail.com,YPSI AL-ASNA,KAB. LUMAJANG,KEC. PADANG,DS. BARAT
69786797,SDS ISLAM AL - AMIEN,SD,081330974799,sdialamien797@gmail.com,YAYASAN AL-AMIEN,KAB. SAMPANG,KEC. KARANGPENANG,JL. BATES DUSUN
69948432,SD MUHAMMADIYAH 1 PADAS,SD,,sdmuhammadiyah1padas@gmail.com,PIMPINAN DAERAH MUHAMMADIYAH (PDM) KAB. NGAWI,KAB. NGAWI,KEC. PADAS,JL. RAYA NGAWI - CARUBAN KM 13 DS KEDUNGPRAHU
70012844,SD AL-QURAN NAHWAN NUR,SD,082133117177,adm.sdqu@gmail.com,DARUSSALAM CEWENG,KAB. JOMBANG,KEC. DIWEK,DUSUN SAMBISARI RT. 002 RW. 002 DESA CEWENG
69981121,SDI AL-HAJARIYAH,SD,082337216003,sdi.alhajariyah@gmail.com,AL HAJARIYAH,KAB. SUMENEP,KEC. RUBARU,DESA BASOKA
20536990,SDIT YAA BUNAYYA,SD,0318971791,sdit_yb@yahoo.com,YPSI AL-HUDA,KAB. GRESIK,KEC. WRINGIN ANOM,SIDOWARAS
20533907,SD MARGO BASUKI 01,SD,0341357495,margobasuki1.sd@gmail.com,YAYASAN THARIQATUSSALAM,KOTA MALANG,KEC. KLOJEN,JL. JAKSA AGUNG SUPRAPTO I / 22A
20574122,SDS NU NURUL ISLAM,SD,,sdnuris909@gmail.com,NURUL ISLAM AS-SHODIQI,KAB. JEMBER,KEC. BALUNG,JL. BANGSALSARI NO 4 PERSIL KARANGSEMANDING
20532839,SDI AL - FALAH SURABAYA,SD,0315996444,sdialfalahjaya01@gmail.com,YAYASAN ZAINUL FALAH,KOTA SURABAYA,KEC. SUKOLILO,JL. MEDOKAN SEMAMPIR MASJID NO. 42
20554654,SD ISLAM BAITURRAHMAN,SD,085232055535,sdislambaiturrahman@yahoo.co.id,YAYASAN BAITUR RAHMAN TREBUNGAN,KAB. SITUBONDO,KEC. MLANDINGAN,JL. KH. ABDUL QADIR NO. 03
69786393,SDS MUTIARA HATI,SD,0352486775,mutiarahati.elementaryschool@gmail.com,YAYASAN MUTIARA HATI BUNDA PERMATA,KAB. PONOROGO,KEC. PONOROGO,JL. KALIMANTAN NO. 69 PONOROGO
20518731,SD YBPK WONOREJO,SD,085748206172,sdsybpk@gmail.com,YAYASAN BADAN PENDIDIKAN KRISTEN GREJA KRISTEN JAWI WETAN,KAB. MALANG,KEC. BANTUR,JL. RAMBUTAN RT.02 / RW.01
20533130,SD MANDALA,SD,0313765926,sd.mandala@yahoo.com,YAYASAN PENDIDIKAN CHANDRADIMUKA,KOTA SURABAYA,KEC. TAMBAKSARI,POTROAGUNG II NO 6
70062164,SD AGFA GLOBAL SCHOOL,SD,,,,KAB. PONOROGO,KEC. PONOROGO,JL. DR SUTOMO 72
60729047,SDS ISLAM IHYA ULUMUDDIN,SD,085230304465,faqih.husein@gmail.com,YAYASAN NURUL HIDAYAH AL KHOSEN,KAB. PAMEKASAN,KEC. KADUR,DS. KADUR
20549055,SDIT NURUL FIKRI,SD,0355332829,sdit_nurulfikri47@yahoo.co.id,YAYASAN PELITA UMAT TULUNGAGUNG,KAB. TULUNGAGUNG,KEC. KEDUNGWARU,JL. DR. WAHIDIN SUDIROHUSODO GG. MASJID ALI NO 4-7
20574063,SD ISLAM SABILILLAH,SD,085258897532,sdisabilillah01@gmail.com,SABILILLAH,KAB. JOMBANG,KEC. DIWEK,DS. CUKIR GG II
69755807,SD NAHDLATUL ULAMA,SD,085624060343,sdnu3kdr@gmail.com,AL FATTAH BINA TARUNA NUSANTARA,KAB. KEDIRI,KEC. GURAH,JL. IMAM BONJOL NO.270 RT/RW. 001/003
70055340,SEKOLAH DASAR ISLAM TAHFIDZ AL MUBAROKAH,SD,085735185717,sdit.almubarokah.boro@gmail.com,YAYASAN PENDIDIKAN ISLAM AL MUBAROKAH BORO,KAB. TULUNGAGUNG,KEC. KEDUNGWARU,DUSUN BORO RT.03/RW.06 DESA BORO
69819411,SDS ISLAM NURUL BAROKAH,SD,082334862127,sdi.nurulbarokah@gmail.com,YAYASAN PENDIDIKAN DAN SOSIAL NURUL BAROKAH,KAB. JEMBER,KEC. SUMBERBARU,JL LANASAN GELANG
69882326,SDIT DARUSSALAM,SD,,,HADLONAH DARUSSALAM,KAB. PONOROGO,KEC. MLARAK,JL. FLORES RT 01 RW 02 DESA JORESAN
69775577,SDS ISLAM TAHFIDZ BAITUL QURAN,SD,331126,sditbaitulquran@yahoo.com,YAYASAN RUMAH TAHFIDZ BAITUL QUR'AN,KAB. TULUNGAGUNG,KEC. KEDUNGWARU,JL. KHR ABDUL FATTAH NO. 4 MANGUNSARI KEDUNGWARU TULUNGAGUNG
70064489,SDI AZIZAH GENGGONG,SD,,,,KAB. PROBOLINGGO,KEC. PAJARAKAN,DUSUN GROJOGAN
20526741,SDI MATSARATUL HUDA PAMEKASAN,SD,087791720289,sdimatsaratulhuda@gmail.com,YAYASAN PENDIDIKAN PONDOK PESANTREN MATSARATUL HUDA,KAB. PAMEKASAN,KEC. PAMEKASAN,JL. KANGENAN GG. PESANTREN 1
70006442,SD WAHIDIYAH LAWANG,SD,085172023717,sdwa.lawang@gmail.com,PERJUANGAN WAHIDIYAH DAN PONDOK PESANTREN KEDUNGLO KEDIRI,KAB. MALANG,KEC. LAWANG,JALAN INSPOL SOEWOTO RT. 02 RW. 04
69962540,SD INTENSIF AL-MUSTHOFA,SD,085230537714,intensifalmusthofa@gmail.com,YAYASAN PESANTREN ISLAM DAN SOSIAL AL MUSTHOFA,KAB. BANYUWANGI,KEC. MUNCAR,JL. RAYA SUMBERAYU
20540376,SD ISLAM INSAN CENDEKIA,SD,,sdiicpacitanaja@gmail.com,YAYASAN AL - ISLAM PACITAN,KAB. PACITAN,KEC. PACITAN,JL SUMATRA NO.4 BLEBER
20555403,SD MUHAMMADIYAH 1 SINE,SD,,sdmuh.sine@gmail.com,PIMPINAN DAERAH MUHAMMADIYAH (PDM) KAB. NGAWI,KAB. NGAWI,KEC. SINE,"JL. PH. KERTONEGORO NO. 4, RT. 05/RW. 01, GEDANGAN"
20526033,SD MUHAMMADIYAH 15,SD,081234530973,sdmuh15sumberasri@gmail.com,PIMPINAN DAERAH MUHAMMADIYAH (PDM) KAB. BANYUWANGI,KAB. BANYUWANGI,KEC. PURWOHARJO,DUSUN GEBANGKANDEL RT. 01 RW. 03
69755808,SD PLUS AN-NUR,SD,081335388651,sdplusannur@gmail.com,LPPM ANNUR,KAB. KEDIRI,KEC. GURAH,BABADAN-SUMBERCANGKRING
20535106,SD ISLAM SUKOREJO,SD,03428171327,sdi_sukorejo@yahoo.co.id,YAYASAN MA'ROEF ZAINUDDIN BLITAR,KOTA BLITAR,KEC. SUKOREJO,JL. MANGGAR NO. 43 BLITAR
70040735,SD ISLAM ULUMUL QUR AN SUFI,SD,085122086645,ulumulquransufi@gmail.com,YAYASAN ULUMUL QURAN SUFI,KAB. MALANG,KEC. GONDANGLEGI,JALAN SUMBERMANIS RT. 11 RW. 2
20503900,SD ISLAM AL MUNAWIR,SD,081336026329,almunawir.pedes@gmail.com,YAYASAN AL MUNAWIR PEDES JOMBANG,KAB. JOMBANG,KEC. PERAK,DUSUN PEDES
69830193,SD KR. SHINING STAR,SD,082231487871,admnsklhshnngstr@gmail.com,SEJAHTERA KITA,KOTA MALANG,KEC. KLOJEN,JL. KELUD NO.14
20576763,SDI MISBAHUS SHUDUR,SD,087750565007,sdimisbahusshudur@gmail.com,YAYASAN MISBAHUS SHUDUR,KAB. PAMEKASAN,KEC. LARANGAN,DUSUN TORON SAMALEM
70032941,SDI NURUL HIDAYAH,SD,,,YAYASAN NURUL HIDAYAH APAL,KAB. SUMENEP,KEC. ARJASA,DSN. APAL DESA ANGKATAN
69978242,SDS ISLAM AL - KHOIRIYAH,SD,081357637664,mohrafkahidayatullah@gmail.com,YAYASAN AL-HOIRIYAH,KAB. SAMPANG,KEC. CAMPLONG,JL. RAYA TADDAN
69829534,SDS ISLAM AZ - ZAHRA,SD,081937283111,sdiazzahra@gmail.com,AL-FURQON TANJUNG,KAB. SAMPANG,KEC. CAMPLONG,JL. IDAMAN NO. 1 DESA DHARMA TANJUNG
70058301,SD ISLAM SEPUTIH,SD,082333813632,sdiseputih@gmail.com,YAYASAN PENDIDIKAN ISLAM DAN SOSIAL NURUL FATAH SEPUTIH,KAB. JEMBER,KEC. MAYANG,JL. SUMBER WADUNG DUSUN SUMBER JEDING
69963658,SD MIFTAHUL ULUM,SD,083849843597,miftahululumsd@gmail.com,YAYASAN PONDOK PESANTREN MIFTAHUL ULUM,KAB. GRESIK,KEC. MENGANTI,TLOGOBEDAH RT. 008 RW. 004 HULAAN MENGANTI GRESIK
69886242,SDIT PERMATA,SD,,sdit.permata1@gmail.com,AL MADANI,KAB. LUMAJANG,KEC. CANDIPURO,JL. JEND. SUDIRMAN NO. 059
20569647,SDIT AL MUNAWWIR,SD,085731941547,sditalmunawwir@gmail.com,AL - MUNAWWIR,KAB. SIDOARJO,KEC. TARIK,DS KEDUNGBOCOK
70000866,SD SAMPOERNA ACADEMY,SD,33234234,sdsampoernaacademy.sby@gmail.com,YAYASAN PUTERA SAMPOERNA,KOTA SURABAYA,KEC. WIYUNG,JL.LONTAR PAKUWON INDAH NO.KAVLING TANAH PK 01-10
20566131,SD ISLAM AL-HIKMAH,SD,03171301999,al.hikmahoke@gmail.com,YAYASAN PONDOK PESANTREN AL-HIKMAH,KAB. GRESIK,KEC. MENGANTI,DUSUN KAJAR GADINGWATU MENGANTI
20519483,SD KATOLIK PANTI PARAMA,SD,0343631768,pantiparamas@yahoo.co.id,YAYASAN KARMEL,KAB. PASURUAN,KEC. PANDAAN,JL ACHMAD YANI 70
69788252,SDS ISLAM BABUSSALAM,SD,085235683266,wewi.babussalam@yahoo.co.id,BABUS SALAM,KAB. BANGKALAN,KEC. KONANG,DESA DURIN BARAT
20554520,SD IT NURUL ISLAM,SD,081515161426,sditnurisparekediri@mail.com,YAYASAN NURUL ISLAM PARE KEDIRI,KAB. KEDIRI,KEC. PARE,JL FLORES
69786625,SD MUHAMMADIYAH 3 SUKOMORO,SD,08883509645,sdmuh3sukma@gmail.com,PIMPINAN DAERAH MUHAMMADIYAH (PDM) KAB. MAGETAN,KAB. MAGETAN,KEC. SUKOMORO,"JL. KH. AHMAD DAHLAN RINGROAD TIMUR KM 1 BARAT KEDUNGGUWO, SUKOMORO"
20529687,SD ISLAM AL FURQAN,SD,081931085743,sdialfurqan@ymail.com,MISHBAHUL MUNIR,KAB. SUMENEP,KEC. PRAGAAN,JL. MAKAM ARJEMMA NO. 3 DANDAN PRAGAAN DAJA
20548434,SD ISLAM ADDASUQI,SD,085259059023,sdiaddasuqi@gmail.com,YAYASAN ADDASUQI BANYUANYAR,KAB. PROBOLINGGO,KEC. BANYUANYAR,JL. PONPES ADDASUQI
70013849,SDI BUMI DAMAI,SD,08978128754,bumidamaisdi@gmail.com,AL-FADLILY,KAB. SIDOARJO,KEC. PRAMBON,CANGKRING RT 05 RW 01 CANGKRINGTURI PRAMBON
20574119,SDS ISLAM NURUL JADID,SD,087866151730,sd.islam.nurul.jadid@gmail.com,YAYASAN MIFTAHUL ULUM NURUL JADID,KAB. SAMPANG,KEC. SAMPANG,JL. RONGTENGAH WANGEAN
70050976,SDI DARUL HUDA AL ASYARI,SD,,,YAYASAN DARUL HUDA PENGARANG BONDOWOSO,KAB. BONDOWOSO,KEC. JAMBESARI DARUS SHOLAH,DESA PENGARANG RT.01 RW.01
69986957,SDS ISLAM AL-IKHLAS,SD,085731961369,sdialiklas957@gmail.com,YAYASAN AL-IKHLASH,KAB. SAMPANG,KEC. SOKOBANAH,DUSUN CRECET
20555690,SD ISLAM ARINAL AUNA JETIS,SD,08155551560,arinal_auna@yahoo.com,ARINAL 'AUNA,KAB. MOJOKERTO,KEC. JETIS,DSN PELABUHAN
20579416,SDI RAUDHATUL JANNAH,SD,087750486799,sdiraudhatuljannah2011@gmail.com,YAYASAN PENDIDIKAN SOSIAL DAN DAWAH PONDOK PESANTREN RAUDLATUL JANNAH RIDOIEYAH,KAB. PAMEKASAN,KEC. PALENGAAN,AENG NYONO BANYU PELLE
70014081,SDS ISLAM AL-ANSHORY,SD,083123465458,sdialansory@gmail.com,SAADATUT DARAIN (AL - HASANI),KAB. SAMPANG,KEC. KEDUNGDUNG,DUSUN NYAROMOT
70004029,SDIT AL USWAH BARAT,SD,,sdit.aluswahbarat@gmail.com,BHAKTI NUSA,KAB. MAGETAN,KEC. BARAT,JL. MAOSPATI - BARAT DS. KARANGSONO BARAT
20554048,SDIT ULIL ALBAB,SD,03518196518,sditulilalbab5@gmail.com,SDIT ULIL ALBAB,KAB. MAGETAN,KEC. PARANG,RT 02 / RW 01
20534064,SD KATOLIK MARSUDISIWI,SD,0341484572,sdk.marsudisiwi.mlg@gmail.com,YAYASAN PERSEKOLAHAN BINA WIRAWAN,KOTA MALANG,KEC. BLIMBING,JL CANDI KALASAN 10
69991234,SDI DARUL MUSTHOFA,SD,082231146123,sdidarul96@gmail.com,YAYASAN HIDAYATUL MUBTADIIN KEBONREJO,KAB. NGANJUK,KEC. TANJUNGANOM,DSN.KURUNGLOR  DS.KAMPUNGBARU
20532855,SD RAHMAT,SD,0315669288,sdrahmatsby@gmail.com,MASJID RAHMAT,KOTA SURABAYA,KEC. SAWAHAN,JL. KEMBANG KUNING NO 2
20519493,SD ISLAM NURUL KAROMAH,SD,082143483899,sdinurulkaromah@gmail.com,LPP NURUL KAROMAH,KAB. PASURUAN,KEC. REJOSO,DUSUN BALIWERTI
69970930,SD ISLAM TERPADU (SDIT) BINA INSAN,SD,085285831254,admin@sditbinainsanstb.sch.id,YAYASAN BINA INSAN MUSLIMAH SITUBONDO,KAB. SITUBONDO,KEC. PANJI,KP. PATROL RT.02 RW.05 DESA TOKELAN KECAMATAN PANJI KABUPATEN SITUBONDO
20534316,SD PAWYATAN DAHA 1,SD,0354682075,sdpawyatandaha1@gmail.com,YAYASAN PAWYATAN DAHA KEDIRI,KOTA KEDIRI,KEC. KOTA KEDIRI,JL. HASANUDIN 18
20531936,SD ALKHAIRIYAH II,SD,0313530680,operator.sd.alkha2@gmail.com,YAYASAN ALKHAIRIYAH,KOTA SURABAYA,KEC. SEMAMPIR,JL. AMPEL MADRASAH NO.1 SURABAYA
70001503,SD I AL-GHUFRON,SD,082296881676,sdialghufron@gmail.com,YAYASAN AL-GUFRON,KAB. SUMENEP,KEC. PASONGSONGAN,JL.K.ABD GHAFUR RT.003/RW.006
70010306,SD KRISTEN PERISTERA,SD,081232155775,,YAYASAN SINAR PERISTERA,KAB. GRESIK,KEC. DRIYOREJO,SENTRALAND B92-96
70001814,SD ISLAM ROUDLOTUL QUR AN,SD,082132638727,sdislamroudlotulquransawo@gmail.com,YAYASAN ROUDLOTUL QUR’AN SAWO,KAB. MOJOKERTO,KEC. KUTOREJO,DUSUN SAWO RT. 02 RW. 013 DESA SAWO
20504226,SD KATOLIK WIJANA,SD,03218490558,sdkatolikwijanajombang@gmail.com,YOHANNES GABRIEL,KAB. JOMBANG,KEC. JOMBANG,JL WAHID HASYIM 38
20519491,SD ISLAM YASPAI,SD,0343656207,sdislamyaspai5@gmail.com,YAYASAN PENDIDIKAN AGAMA ISLAM,KAB. PASURUAN,KEC. BEJI,JL. RAYA GONDANGLEGI NO.166
20501901,SD KEMALA BHAYANGKARI 10,SD,0343855266,sdbhayangkari10porong@gmail.com,YAYASAN KEMALA BHAYANGKARI,KAB. SIDOARJO,KEC. PORONG,JL. BHAYANGKARI NO.36-B PORONG
20501131,SD NU MUNGGUGEBANG,SD,,sdnuuumunggugebang@gmail.com,LP. MA'ARIF CABANG KAB. GRESIK,KAB. GRESIK,KEC. BENJENG,DESA MUNGGUGEBANG
20579290,SD ISLAM TERPADU ANAK NEGERI,SD,03217482551,sdit.anaknegeri@gmail.com,YAYASAN ANAK NEGERI JOMBANG,KAB. JOMBANG,KEC. SUMOBITO,"DUSUN BAKALAN, RT. 03, RW. 02"
20510369,SD SANTA MARIA,SD,481433,sdksantamariaponorogo@yahoo.com,YOHANNES GABRIEL,KAB. PONOROGO,KEC. PONOROGO,JL RADEN SALEH NO 58
70004626,SDI KARTIKA NAWA,SD,03418223563,sdikartikanawa@gmail.com,YAYASAN KARTIKA NAWA,KAB. MALANG,KEC. TUREN,JALAN RAYA KEDOK
70013066,SD ISLAM MANBAUL FALAH,SD,085335208178,sdimanbaulfalah@gmail.com,MANBA'UL FALAH,KAB. BANYUWANGI,KEC. SINGOJURUH,JL. KH. ROFII MASHUM NO. 34
20575283,SD ISLAM DARUN NAJAH,SD,082335391132,sdidarunnajah01@gmail.com,DARUN NAJAH,KAB. JEMBER,KEC. TANGGUL,DSN. KARANG SENGON DS. DARUNGAN
70032359,SD MUSLIM CENDEKIA,SD,,sekolahdasarmuslimcendekia@gmail.com,PP LKS METAL MUSLIM AL - HIDAYAT,KAB. PASURUAN,KEC. REJOSO,PENAMBANGAN RT 04 RW 01 REJOSOLOR REJOSO PASURUAN
20555171,SD NURUL ISLAM,SD,083110800313,sdnurissumengko@gmail.com,YAYASAN NURUL ISLAM JATIREJO,KAB. MOJOKERTO,KEC. JATIREJO,JL BALAI DESA NO 26
69786985,SDS ISLAM AL - FALAH,SD,081938090433,sdi.alfalah323@gmail.com,YAYASAN PENDIDKAN SOSIAL AL-FALAH SATU,KAB. SAMPANG,KEC. TAMBELANGAN,JL. BESABE DESA BRINGIN
20548399,SDIT AL USWAH MAGETAN,SD,03518198167,aluswahs@yahoo.com,YAYAYASAN LEMBAGA PENDIDIKAN DAN PEMBINAAN ANAK ISLAM TERPADU AL USWAH CENTER MAGETAN,KAB. MAGETAN,KEC. MAGETAN,JALAN  S. PARMAN
20518708,SD ISLAM LUKMAN HAKIM,SD,,lukman.hakim.wtd@gmail.com,YAYASAN PENDIDIKAN LUKMAN HAKIM,KAB. MALANG,KEC. PAKISAJI,JL. RAYA KENDALPAYAK
69981897,SDI SIFAUR RIFA,SD,,sdi.sifaurrifa@gmail.com,YAYASAN NURUL FITRAH KERTO SARI,KAB. SUMENEP,KEC. BATUPUTIH,DESA LARANGAN KERTA
20548868,SD MUHAMMADIYAH 5,SD,0333591666,sdmuhammadiyahmuncar@gmail.com,PIMPINAN DAERAH MUHAMMADIYAH (PDM) KAB. BANYUWANGI,KAB. BANYUWANGI,KEC. MUNCAR,JL. SULTAN AGUNG NO. 36 DUSUN KRAJAN
70035160,SD CHUNG CHUNG CHRISTIAN SCHOOL,SD,03187884800,admin@ccs.sch.id,YAYASAN PENDIDIKAN MAYAPADA SCHOOL,KOTA SURABAYA,KEC. GUNUNGANYAR,GUNUNG ANYAR SAWAH 18
69983859,SDI AR-RAHMAN,SD,,,ABDUR RAHMAN,KAB. SUMENEP,KEC. KANGAYAN,DESA KANGAYAN
69981865,SD ISLAM MIFTAHUL JADID,SD,085232827011,sdi.miftahuljadid1987@gmail.com,YAYASAN MIFTAHUL JADID AL BAKHRI,KAB. PAMEKASAN,KEC. PEGANTENAN,DUSUN DADDAK BARAT
20539080,SD MUHAMMADIYAH 18 SURABAYA,SD,0315936943,m18surabaya@gmail.com,PIMPINAN DAERAH MUHAMMADIYAH (PDM) KOTA SURABAYA,KOTA SURABAYA,KEC. MULYOREJO,JL. MULYOREJO TENGAH NO. 5
20554421,SDS ISLAM NURUL IHSAN,SD,,sds.nurulihsan.omben@gmail.com,ABUL KHOIR,KAB. SAMPANG,KEC. OMBEN,DUSUN GUA PANAS
20555604,SDS AL FURQON,SD,085859322846,sdsalfurqon@gmail.com,YAYASAN SOSIAL & PENDIDIKAN ISLAM AL-FURQON,KAB. JEMBER,KEC. PANTI,DUSUN KEMUNDUNGAN
20574709,SD ISLAM FAAZ,SD,085792738432,faazsdit@gmail.com,FAAZ,KAB. TUBAN,KEC. TUBAN,"DUSUN MAWOT RT 02 RW, 01"
20504320,SD KATOLIK SANTO PAULUS,SD,0353881159,sdksantopaulus0@gmail.com,YAYASAN SANTA LOUISA,KAB. BOJONEGORO,KEC. BOJONEGORO,JL. IMAM BONJOL NO. 50
20539207,SD TUNAS BHAKTI 26 SURABAYA,SD,0315667711,sdtunasbakti26@yahoo.com,YAYASAN TUNAS BAKTI 26,KOTA SURABAYA,KEC. SAWAHAN,BANYU URIP WETAN STREET IV/52 SURABAYA
20518729,SD TAMANSISWA TUREN,SD,0341824172,tamanmudaturen@gmail.com,PERSATUAN PERGURUAN TAMANSISWA CABANG TUREN,KAB. MALANG,KEC. TUREN,JL. PANGLIMA SUDIRMAN NO. 37 RT. 1 RW. 19
20548780,SD ISLAM AL HASAN,SD,085335115139,sdialhasan07@gmail.com,YAYASAN PENDIDIKAN AL-DJAHRIA,KAB. JEMBER,KEC. TANGGUL,JL. KEBUNAN
70004417,SD TAHFIDZ ATH THOHIRIYAH,SD,085790700290,sd.tahfidz.aththohiriyah@gmail.com,ATH THOHIRRIYAH,KAB. TULUNGAGUNG,KEC. KARANGREJO,DUSUN MOJOGITIK RT 02 RW 01
69876676,SDIT AL-HUSNA,SD,,sditwonokromo@gmail.com,YAYASAN RADEN FATTAHILLAH,KAB. TULUNGAGUNG,KEC. GONDANG,DSN SUMBER DS WONOKROMO KECAMATAN GONDANG
69755336,SDS SUNAN KALIJAGA,SD,087756255359,,YAYASAN PENDIDIKAN SOSIAL ISLAM TARESNA,KAB. SAMPANG,KEC. TAMBELANGAN,JL. RAYA SUMBER TARUNA
69973643,SDS ISLAM AL - HUDA,SD,082333161286,sdialhuda643@gmail.com,YAYASAN AR ROHMAN SEBAN,KAB. SAMPANG,KEC. KARANGPENANG,JL. BENGLANDEK GUNUNGKESAN
20533114,SD KRISTEN BETHEL,SD,3714988,sdkristenbethelsby@gmail.com,PENDIDIKAN UMUM KRISTEN BETHEL,KOTA SURABAYA,KEC. SIMOKERTO,JL. TAMBAK ANAKAN 9 -11
70027619,SDI AL IHSAN,SD,,,AMAL ISLAM AL IHSAN,KAB. TULUNGAGUNG,KEC. NGUNUT,JALAN RAYA BLITAR NO 12
20515764,SD KRISTEN ANUGERAH TULUNGAGUNG,SD,0355335207,anugerahxxiao@gmail.com,YAYASAN PENDIDIKAN KRISTEN ANUGERAH TULUNGAGUNG,KAB. TULUNGAGUNG,KEC. TULUNGAGUNG,JL. P. DIPONEGORO NO.30 TAMANAN TULUNGAGUNG
20549296,SD ISLAM HASYIM ASY ARI,SD,0342551505,sdihasyimasyari67@gmail.com,LEMBAGA PENDIDIKAN MA'ARIF NU,KAB. BLITAR,KEC. WONODADI,JALAN RAYA PIKATAN
20551943,SD ISLAM AR-RAHMAH,SD,0328413223,sdiarrahmah2020@gmail.com,YAYASAN MUHAMMAD HASYIM SUMENEP,KAB. SUMENEP,KEC. LENTENG,JL. KALIMAS NO.05
20551947,SD DARISSALAM,SD,082301987209,sddarissalam@gmail.com,YAYASAN DARISSALAM,KAB. SUMENEP,KEC. GULUK GULUK,JL. RAYA BATUAMPAR
70062428,SD JAZEERAH ISLAMIC SCHOOL,SD,,,YAYASAN JAZEERAH INSAN BANGSA,KAB. LAMONGAN,KEC. LAMONGAN,JL. KUSUMA BANGSA GG. BERINGIN 4
20524183,SDS NU KENCONG,SD,082335347750,sdnu_kencong@yahoo.com,BPPPMNU  CABANG KENCONG,KAB. JEMBER,KEC. KENCONG,JL KH AGUS SALIM NO 11 KENCONG
20539950,SD MUHAMMADIYAH 01 WARU,SD,0318543285,sdmuhammadiyahsatuwaru@yahoo.co.id,PIMPINAN DAERAH MUHAMMADIYAH (PDM) KAB. SIDOARJO,KAB. SIDOARJO,KEC. WARU,JL. ANGGREK VI NO. 36-38
20533119,SD KEMALA BHAYANGKARI 6,SD,0315467840,kemalabhayangkari6surabaya@gmail.com,YAYASAN KEMALA BHAYANGKARI,KOTA SURABAYA,KEC. SUKOMANUNGGAL,JL. SIMOMULYO I/8
70064367,SDIT AL AMIN DESA KENEP,SD,,,,KAB. NGANJUK,KEC. LOCERET,DS. KENEP RT.02 RW.04 KEC .LOCERET KAB. NGANJUK
20523096,SD KRISTEN IMANUEL,SD,0338673571,imanuelsdkristen@gmail.com,YAYASAN IMANUEL SITUBONDO,KAB. SITUBONDO,KEC. SITUBONDO,JL. ANGGREK NO. 54
20502397,SD ZAINUDDIN,SD,0318679893,sdzainuddin1998@gmail.com,YAYASAN MASJID ZAINUDDIN,KAB. SIDOARJO,KEC. WARU,JL. IJEN NGENI
20501156,SD AL FATAH,SD,0317580094,sdalfatah.driyorejo@yahoo.com,YAYASAN PENDIDIKAN AL FATAH KOTA BARU DRIYOREJO,KAB. GRESIK,KEC. DRIYOREJO,JL. GRANIT NILA 5 KBD
70025688,SDI DARUL MAULANA,SD,,,YAYASAN NAHDLATUT THALIBIN AL MADRAH,KAB. SAMPANG,KEC. ROBATAL,DSN NGOR BUNGOR
20539651,SD KRISTEN YBPK MOJOWARNO,SD,0321499116,sdkristen.ybpkmojowarno@gmail.com,YBPK GKJW  CABANG MOJOWARNO,KAB. JOMBANG,KEC. MOJOWARNO,JL. PAHLAWAN NO. 13
70050067,SDS AL FITROH,SD,,,MAKARIMUL AKHLAQ,KAB. SAMPANG,KEC. SAMPANG,DUSUN PLALANGAN DESA GUNUNG MADDAH
20554584,SDS ISLAM TANFIDZIS SYARIAH,SD,087850990827,sdsislamtanfidzissyariah.tbl@gmail.com,TANFIDZIS SYARIAH,KAB. SAMPANG,KEC. TAMBELANGAN,PENGGIRAN BARUNGGAGAH
70031468,SDQ PLUS AL-WAHID,SD,082335377610,sdqplusalwahidpamekasan@gmail.com,YAYASAN PENDIDIKAN DAKWAH DAN SOSIAL AL-WAHID,KAB. PAMEKASAN,KEC. PAMEKASAN,JL. DIRGAHAYU GG 07 NO 04
70053198,SD MUHAMMADIYAH 3 SOKO,SD,,sdmugasoko@gmail.com,PIMPINAN DAERAH MUHAMMADIYAH (PDM) KAB. TUBAN,KAB. TUBAN,KEC. SOKO,JL. RAYA SOKO-PONCO DSN.MENTORO RT.8 RW.1 DESA MENTORO SOKO
20507212,SD MUHAMMADIYAH 1 BABAT,SD,,sdm1babat@yahoo.co.id,PIMPINAN DAERAH MUHAMMADIYAH (PDM) KAB. LAMONGAN,KAB. LAMONGAN,KEC. BABAT,JL. TANGGUL REJO NO 02 DESA BABAT
20512800,SD YBPK SIDOREJO II,SD,0354395742,ybpksidorejodua@yahoo.co.id,YAYASAN BADAN PENDIDIKAN KRISTEN GREJA KRISTEN JAWI WETAN,KAB. KEDIRI,KEC. PARE,JL MT HARYONO  NO 263
60726474,SDS ISLAM AR ROHMANIYAH,SD,085960148318,toifajha@gmail.com,AR-ROHMANIYAH,KAB. SAMPANG,KEC. TAMBELANGAN,DS. BARUNG GAGAH
69824831,SDS ISLAM MIFTAHUL ULUM AS SYUUDIYAH,SD,081703981597,sdibringibringin@yahoo.com,AS-SU'UDIYAH,KAB. PAMEKASAN,KEC. KADUR,DSN. PRENG AMPEL
20575898,SD PLUS DARUSSALAM,SD,03514477077,sd.plusdarussalam@gmail.com,DARUSSALAM,KAB. NGAWI,KEC. GENENG,TEPAS - GENENG
70002456,SD NAHDLATUL WATHON,SD,,sdnahdlatulwathon2016@gmail.com,YAYASAN NAHDLATUL WATHON DESA JATIROTO,KAB. JEMBER,KEC. SUMBERBARU,JL. PTPN XII GUNUNG GAMBIR RT 001 RW 011
20554686,SDS ISLAM MIFTAHUL ULUM PLEREYAN,SD,081249266416,itafitriatizulva12@gmail.com,PONDOK PESANTREN PUTRA PUTRI MIFTAHUL ULUM,KAB. JEMBER,KEC. SUMBERJAMBE,JL. PANGGUNG TINGGI NO 07
70052206,SD AL HIKMAH,SD,083114502037,sdalhikmahgrenden@gmail.com,YAYASAN PENDIDIKAN AL HIKMAH,KAB. JEMBER,KEC. PUGER,"DUSUN KRAJAN II, RT 001, RW 011, DESA GRENDEN"
20531927,SD BINA KARYA SURABAYA,SD,0317490648,sdsbinakarya21@gmail.com,BINA KARYA TAMBAK ASRI SURABAYA,KOTA SURABAYA,KEC. KREMBANGAN,JL. TAMBAK ASRI NO. 150A  SURABAYA
20524947,SD ISLAM TERPADU AL IKHLAS,SD,,sditalikhlaswuluhan@gmail.com,YAYASAN PONDOK PESANTREN AL IKHLAS,KAB. JEMBER,KEC. WULUHAN,JL. ANGGREK NO. 80
20524939,SD NU 09 RIYADLATUL UQUL,SD,,sdnu09@gmail.com,YAYASAN PENDIDIKAN PESANTREN DARUL MAARIF AMPEL WULUHAN,KAB. JEMBER,KEC. WULUHAN,KH. ZUHDI ZAIN NO. 150 KEPEL
20533135,SD MARDI SUNU,SD,5454301,sdmardisunu48@gmail.com,YAYASAN MARDI SUNU,KOTA SURABAYA,KEC. TEGAL SARI,JL PASAR KEMBANG NO 89-91
20518733,SD ISLAM AL FAQIH,SD,081333947966,sdialfaqih@yahoo.com,YAYASAN AL-FAQIH,KAB. MALANG,KEC. PAKIS,JL. SUKOANYAR NO. 27 SUKOANYAR PAKIS MALANG
69935397,SDIT HIDAYATUL MUBTADIIN,SD,08558954489,sdithidayatulmubtadiin123@gmail.com,YPI HIDAYATUL MUBTADI'IN,KAB. MOJOKERTO,KEC. BANGSAL,DUSUN DATENG
20558810,SD ISLAM TERPADU NURUL HUDA,SD,0354770829,sditnurulhudakediri@gmail.com,YPI ASSAKUR,KAB. KEDIRI,KEC. TAROKAN,"JL. RAYA KEDIRI NGANJUK NO.- DS. KALIRONG, TAROKAN"
20541920,SDIT NUURUL FIKRI SUKOREJO,SD,0355811771,sditnfgandusari@yahoo.co.id,YAYASAN NURUL FIKRI TRENGGALEK,KAB. TRENGGALEK,KEC. GANDUSARI,RT. 29 RW. 14 DUSUN TUGU DS. SUKOREJO KEC. GANDUSARI
70033767,SD ASY-SYADZILI,SD,088989530778,sdasysyadzili@gmail.com,YAYASAN PENDIDIKAN DAN SOSIAL ASY-SYADZILI,KAB. MALANG,KEC. PAKIS,JALAN SUMBERPASIR DUSUN KRAJAN RT. 05 RW. 02 NO. 99A
70053365,SD MUHAMMADIYAH 3 NGASEM,SD,081333730204,sdmuhamadiyah3ngasem@gmail.com,PIMPINAN DAERAH MUHAMMADIYAH (PDM) KAB. KEDIRI,KAB. KEDIRI,KEC. NGASEM,JALAN ANGGREK RAYA RT 03 RW 02 SOBO NAMBAAN
20519486,SDI MADINATUL ILMI SEKARMOJO,SD,081334405545,sdi.madinatulilmisekarmojo@gmail.com,YAYASAN PENDIDIKAN MADINATUL ILMI SEKARMOJO,KAB. PASURUAN,KEC. PURWOSARI,DUSUN MOJO
20549469,SD MUHAMMADIYAH KRAKSAAN,SD,,sdmuhammadiyahkreatifkraksaan@yahoo.com,PIMPINAN DAERAH MUHAMMADIYAH (PDM) KAB. PROBOLINGGO,KAB. PROBOLINGGO,KEC. KRAKSAAN,JL. PANGLIMA SUDIRMAN NO. 139
20576429,SDI AL HAKIM,SD,085233120900,sdialhakimboy@gmail.com,,KAB. TULUNGAGUNG,KEC. BOYOLANGU,DESA/KEC. BOYOLANGU
20533903,SDK SANTO YUSUP II,SD,0341365235,sdksantoyusup2@gmail.com,YAYASAN KOLESE SANTO YUSUP,KOTA MALANG,KEC. KLOJEN,DR. SUTOMO 35 MALANG
69861150,SDI AL BAROKAH,SD,085233858048,sdialbarokah@yahoo.com,YAYASAN SOSIAL PENDIDIKAN DAKWAH ALIFUL BAROKAH,KAB. PAMEKASAN,KEC. TLANAKAN,DUSUN PENANGGUN TIMUR DESA KRAMAT
20532863,SD RADEN FATAH,SD,0317405093,sd_raden_fatah@yahoo.co.id,YAYASAN RADEN FATAH SURABAYA,KOTA SURABAYA,KEC. BENOWO,JL. KENDUNG
20548442,SD TARUNA DRA. ZULAEHA,SD,0335680515,edydossantos23@gmail.com,YAYASAN PENDIDIKAN DAN KESEJAHTERAAN KELUARGA KERTAS LECES,KAB. PROBOLINGGO,KEC. LECES,JL. RAYA LECES 67202
69978366,SDI NURUL HUDA,SD,081703234737,nurulhudagapura2018@gmail.com,YAYASAN NURUL HUDA,KAB. SUMENEP,KEC. GAPURA,DESA LONGOS
20571590,SD ISLAM MIFTAHUL ULUM,SD,,sdimif@gmail.com,YAYASAN DARUS SALAM AR-RUJIYAH,KAB. BANGKALAN,KEC. KONANG,TAMAN SEOLOH
20501905,SD AL ISLAMIYAH PUTAT,SD,0318945351,sd.alislamiyahputat@gmail.com,YAYASAN PENDIDIKAN DAN SOSIAL AL-ISLAMIYAH (YAPISA),KAB. SIDOARJO,KEC. TANGGULANGIN,JL PUTAT UTARA NO. 25
20537430,SD MUHAMMADIYAH PLUS,SD,0321390603,sdmuhplusmjk@gmail.com,PIMPINAN DAERAH MUHAMMADIYAH (PDM) KOTA MOJOKERTO,KOTA MOJOKERTO,KEC. KRANGGAN,JL. TAMAN SISWA NO. 25
20548363,SD ISLAM TERPADU AL USWAH,SD,0356322004,al.uswah@gmail.com,AL USWAH CENTRE TUBAN,KAB. TUBAN,KEC. TUBAN,JALAN AL FALAH II GANG AL USWAH NO.06
69753171,SD ISLAM AINUR RAHMAH,SD,085232032006,sdi.ainur@gmail.com,NURUS SALAFIYAH,KOTA PROBOLINGGO,KEC. KANIGARAN,JL. WALIKOTA GATOT NO. 31 PROBOLINGGO
20531940,SD AL-ISTIQOMAH,SD,0313287031,sdistiqomahsby@gmail.com,YAYASAN WAKAF AL-ISTIQOMAH SURABAYA,KOTA SURABAYA,KEC. PABEAN CANTIAN,KALIMAS BARU III GG. LEBAR NO. 12
20554884,SD ISLAM AL KHOIRIYAH,SD,085785875292,sdislamalkhoiriyahsumbergempol@gmail.com,YAYASAN HABIB SAYYID AHMAD BIN SALIM AL MUHDLOR TULUNGAGUNG,KAB. TULUNGAGUNG,KEC. SUMBERGEMPOL,DUSUN PASIR RT 26 RW 10
69988959,SD AL FALAH DARUSSALAM 2,SD,8672828,alfalah.darussalam2@yahoo.com,YAYASAN MASJID DARUSSALAM TROPODO,KAB. SIDOARJO,KEC. WARU,JL. RAYA NUSA INDAH BLOK D-1 WISMA TROPODO
20577336,SDI BABURROHMAH,SD,085855390795,sdibaburrohmah11@gmail.com,YAYASAN PENDIDIKAN ISLAM BABURROHMAH MOJOSARI,KAB. MOJOKERTO,KEC. MOJOSARI,JL.A.YANI
69830132,SDS ISLAM SUNAN DRAJAT,SD,08888326844,sdislamsunandrajat@gmail.com,YAYASAN SUNAN DRAJAT SUMURAN,KAB. JEMBER,KEC. AJUNG,JL SUNAN DRAJAT NO 09
69965811,SDI ROUDLOTUL ULUM,SD,082337013016,roudlotululum25@gmail.com,AL- RIYAD SUMBERREJO,KAB. PASURUAN,KEC. WINONGAN,JL.MASJID DUKUH
20551774,SDS ISLAM TERPADU  AL - FAIZIN,SD,0323325999,sdsislamterpadualfaizin@gmail.com,YASPI AL-FAIZIN,KAB. SAMPANG,KEC. SAMPANG,PERUM BARISAN INDAH
70060353,SDI AL-HIKMAH,SD,,,,KAB. MALANG,KEC. DAMPIT,DUSUN BANJAR PATIMAN RT. 005 RW. 003
69773542,SDS ISLAM AL FAJR,SD,087810001780,sdislam.alfajr@gmail.com,YAYASAN PENDIDIKAN ISLAM AL FAJR,KAB. SAMPANG,KEC. TAMBELANGAN,DUSUN BURNANG
20554029,SDS MUHAMMADIYAH 01,SD,085321514752,sdmuhammadiyah1ampelwlh@gmail.com,PIMPINAN DAERAH MUHAMMADIYAH (PDM) KAB. JEMBER,KAB. JEMBER,KEC. WULUHAN,JL. KI HAJAR DEWANTORO NO 72 WULUHAN
20536992,SD ASSA ADAH,SD,,sd.assaadah@gmail.com,AS SA'ADAH,KAB. GRESIK,KEC. DRIYOREJO,JL.RAYA INTAN 22-23 PERUMNAS KBD
20529223,SDS ISLAM KANZUL ULUM,SD,,kanzul_u@yahoo.co.id,YAYASAN BANI ABBASIYAH,KAB. SAMPANG,KEC. KEDUNGDUNG,JL LEKE MUNING
20531899,SD CITRA BERKAT SURABAYA,SD,0317420764,infoscb@citraberkat.sch.id,YAYASAN CITRA BERKAT,KOTA SURABAYA,KEC. PAKAL,JL .RAYA BUKIT PALMA NO. 2 CITRALAND UTARA
20537128,SD AL MUHAJIRIN,SD,083145463522,almuhajirinsd43@gmail.com,YAYASAN MUHAJIRIN AL AKBAR,KAB. PACITAN,KEC. PACITAN,JL. MARSDA ISWAHYUDI NO.63
20535107,SD ISLAM TANJUNGSARI,SD,081335937800,sdi.tanjungsari20@gmail.com,YAYASAN PENDIDIKAN ISLAM BAITURROHMAN TANJUNGSARI,KOTA BLITAR,KEC. SUKOREJO,JL. ASAHAN GANG V NO 4 TANJUNGSARI BLITAR
20529686,SD KATOLIK SANG TIMUR,SD,0328663030,sangtimur_sumenep@yahoo.com,KARYA SANG TIMUR PUSAT,KAB. SUMENEP,KEC. KOTA SUMENEP,JL. SLAMET RIADI 31
70033348,SDS ISLAM SUNAN GUNUNG JATI,SD,,sdisunangunungjati@gmail.com,YAYASAN PENDIDIKAN AL-FATIH PRAJJAN,KAB. SAMPANG,KEC. CAMPLONG,DUSUN KARANGLOH
20521340,SDK SANTO YOSEPH,SD,0334884767,sdksantoyoseph@gmail.com,PERKUMPULAN DHARMAPUTRI,KAB. LUMAJANG,KEC. LUMAJANG,JL. PANJAITAN NO. 1
69899840,SD LUKMANUL HAKIM,SD,085258176571,,LUKMANUL HAKIM,KAB. SUMENEP,KEC. SAPEKEN,DS. SADULANG KEC. SAPEKEN
69888592,SDIT SABILIL MUKMININ,SD,03547412078,sabililmukminin09@gmail.com,SABILIL MUKMININ,KAB. KEDIRI,KEC. NGANCAR,"JL. MANGGIS, DS. MANGGIS, NGANCAR"
20554525,SD MUHAMMADIYAH ASSALAM,SD,085604888862,sdm.assalam@gmail.com,PIMPINAN DAERAH MUHAMMADIYAH (PDM) KAB. KEDIRI,KAB. KEDIRI,KEC. GURAH,JL. MASJID KAUMAN
69889127,SD MUHAMMADIYAH 18 KALIBARU,SD,082131429618,sdmuha18kalibaru@gmail.com,PIMPINAN DAERAH MUHAMMADIYAH (PDM) KAB. BANYUWANGI,KAB. BANYUWANGI,KEC. KALIBARU,JL. SERUJI RT. 02 RW. 01
20501151,SD MUHAMMADIYAH,SD,0317923952,sdmuh1b@gmail.com,PIMPINAN DAERAH MUHAMMADIYAH (PDM) KAB. GRESIK,KAB. GRESIK,KEC. BENJENG,JL.RAYA BULUREJO
69867990,SDI. AL - MU AMMIRIN,SD,082331711231,abdrahman0788@gmail.com,AL-MU'AMMIRIN,KAB. SUMENEP,KEC. GANDING,DS. GADU TIMUR
70062471,SDI AR-ROHMAH,SD,,,YAYASAN AR-ROHMAH KARANGJUWET,KOTA BATU,KEC. JUNREJO,JL.LANGSEP RT.30 RW.07
20531858,SD AL HIKMAH SURABAYA,SD,0318299094,sdalhikmahsby@gmail.com,YAYASAN LEMBAGA PENDIDIKAN ISLAM AL HIKMAH,KOTA SURABAYA,KEC. GAYUNGAN,"JL. GAYUNG KEBONSARI TENGAH NO. 10, SURABAYA"
20539475,SD NU BAHRUL ULUM,SD,0341363881,www.sdnubahrululum@yahoo.com,LEMBAGA PENDIDIKAN MAARIF,KOTA MALANG,KEC. KEDUNGKANDANG,JL. KOLONEL SUGIONO VII / 48
20564351,SDI AL-HAMIDIYAH,SD,081939000484,sdi.alhamidiyah01@gmail.com,YAYASAN AL-HAMIDIYAH,KAB. SUMENEP,KEC. TALANGO,JL. KOSAMBI BAKA NO 02
69934102,SD ISLAM AL QOLAM,SD,081359618141,alqolamsdislam@gmail.com,LEMBAGA PENDIDIKAN ISLAM AL QOLAM,KAB. NGAWI,KEC. NGAWI,JL SUKOWATI RT 3 RW 4
20532859,SD PUTRA INDONESIA,SD,0318498623,sd_putraindonesia27@yahoo.co.id,YAYASAN PENDIDIKAN PUTRA INDONESIA,KOTA SURABAYA,KEC. GUNUNGANYAR,JL. KYAI SATARI NO. 27 SURABAYA.
60724821,SDS ISLAM MAMBAUL ULUM,SD,087750039753,sdsmambaululum@gmail.com,HASAN AL-BASHRI,KAB. SAMPANG,KEC. OMBEN,DS. KAMONDUNG
70043338,SD TAHFIDZ AL-FATIH,SD,,,YAYASAN AL FATIH PEJATEN,KAB. BONDOWOSO,KEC. BONDOWOSO,JALAN KOPRAL MOERIN NO.8 RT.08 RW.02
69996092,SD QURAN BAHRUSYSYIFA,SD,082332630300,sdquba2017@gmail.com,BAHRUSYSYIFA' BAGUSARI LUMAJANG,KAB. LUMAJANG,KEC. SUKODONO,"DUSUN SITINGGIL RT 03 RW 04, DESA KEBONAGUNG"
20571201,SD ISLAM DARUT TAUHID,SD,082337074340,sditdaruttauhid66@gmail.com,DARUT TAUHID AL MASYHUDIYYAH,KAB. PROBOLINGGO,KEC. KREJENGAN,PATEMON
69986804,SDIT AL AQSHA,SD,082140543007,sditaqsha390@gmail.com,YAYASAN DELTA ANANDA,KAB. SIDOARJO,KEC. SIDOARJO,BUMI SUKO INDAH HH 09 - 11 RT 48 RW 11  SIDOARJO
70045904,SDI AL-MIFTAH KRAMAT JAYA,SD,,,,KAB. PAMEKASAN,KEC. PALENGAAN,DUSUN BARAT POTOAN LAOK
20533109,SD KRISTEN BETHEL SULUNG 3 SURABAYA,SD,0318495411,sdkrbethelsulung3@yahoo.com,YAYASAN BETHEL SULUNG SURABAYA,KOTA SURABAYA,KEC. TENGGILIS MEJOYO,JL. KUTISARI UTARA V/9
20531928,SD AN-NUR SURABAYA,SD,0317483849,sdiannur.sby94@yahoo.com,YAYASAN PENDIDIKAN ISLAM AN-NUR SIMO,KOTA SURABAYA,KEC. SUKOMANUNGGAL,SIMO POMAHAN BARU BARAT MASJID  NO: 7 - 9
70004569,SDI PLUS AL-ISHLAH,SD,085655384409,alishlah.sdi@gmail.com,YPIP AL ISHLAH,KAB. KEDIRI,KEC. GURAH,"JL. BERINGIN RT 4 RW 6 DS. TAMBAKREJO, GURAH"
20555783,SD ISLAM AL-HIDAYAH,SD,085731869056,goodnes_alaika@yahoo.co.id,YAYASAN PENDIDIKAN ISLAM AL-HIDAYAH,KAB. BANGKALAN,KEC. GEGER,DUSUN OLBEK DESA KOMBANGAN
70000401,SD ISLAM CAHAYA SUNNAH,SD,082141414675,sdicahayasunnahkotabatu@gmail.com,YAYASAN CAHAYA ISLAM KOTA BATU,KOTA BATU,KEC. BATU,JL. ABDUL RAHMAN NO. 7
20525031,SDS AL IBRAHIMY,SD,085233372226,sdalibrahimy2000@gmail.com,YAYASAN PENDIDIKAN ISLAM AL IBRAHIMY,KAB. JEMBER,KEC. SILO,JL. K. MANSYUR NO. 35 KARANG TIMUR
20505715,SEKOLAH DASAR ISLAM TUBAN,SD,0356326154,sdislamtuban@gmail.com,LP MAARIF NU,KAB. TUBAN,KEC. TUBAN,JL. KH. AGUS SALIM NO. 44 TUBAN
70012938,SD AZ-ZAHRAH,SD,03435648889,sdazzahrah18@gmail.com,DARUT TARBIYAH WAL IFTAA,KOTA PASURUAN,KEC. GADINGREJO,JL. GATOT SUBROTO 01/08  KEL. PETAHUNAN
20502399,SD TAMAN HARAPAN,SD,8680049,sdtamanharapan576@gmail.com,YAYASAN TAMAN HARAPAN SEJAHTERA,KAB. SIDOARJO,KEC. GEDANGAN,JL. MANDALA VI / 576 A
70050802,SD ISLAM NUR MULTAZAM,SD,08113227204,sdislamnurmultazam@gmail.com,YAYASAN BAROKAH MULTAZAM,KOTA PASURUAN,KEC. PURWOREJO,JL. SULTAN AGUNG
20554935,SD ISLAM NURUL IZZAH,SD,710777,sdi.nurulizzah@gmail.com,YAYASAN NURUL IZZAH MALANG,KOTA MALANG,KEC. KEDUNGKANDANG,JL. KI AGENG GRIBIG
20541206,SD ISLAM AL MALIKI SUKODONO,SD,0334889602,sdialmaliki@gmail.com,ALMALIKI,KAB. LUMAJANG,KEC. SUKODONO,JL. PON. PES AL-MALIKI
69995881,SD ISLAM MADINATUL QUR`AN,SD,085606822009,sdi.madinatulquran@gmail.com,MADINATUL QUR'AN NUSANTARA,KAB. TUBAN,KEC. PALANG,JALAN GOA SUCI DUSUN KRAJAN RT 06 RW 01
20533897,SD ISLAM MOHAMMAD HATTA,SD,0341413003,admsdimh@gmail.com,BINA INSAN KAMIL INDONESIA,KOTA MALANG,KEC. LOWOKWARU,JL. SIMPANG FLAMBOYAN NO. 30
69946459,SD ISLAM HIDAYATUTH THOLIBIN,SD,,sdi_hidayatuththolibin@yahoo.com,YAYASAN SOSIAL DAN PENDIDIKAN PONDOK PESANTREN HIDAYATUTH THOLIBIN,KAB. KEDIRI,KEC. PARE,JL. ANGGUR NO. 15 DS. TERTEK
69883482,SDS ISLAM TERPADU AL-ITTIHAD,SD,085259363900,sdit.alittihad4@gmil.com,YASPI AL ITTIHAD,KAB. SAMPANG,KEC. TAMBELANGAN,JL. DESA TAMBELANGAN
20531847,SD AL FATAH,SD,0317533478,sdalfatahsurabaya@gmail.com,AL FATAH CHOLILAH PALIL,KOTA SURABAYA,KEC. WIYUNG,DUKUH KARANGAN GG.GOLONGAN
70043089,SD ISLAM PLUS AL-IMAM,SD,085655714325,sdiplus.alimam@gmail.com,YAYASAN LUBIS MUBARAK,KAB. KEDIRI,KEC. GURAH,"JL. AWU-AWU, DSN. KWARASAN KIDUL RT.08/RW.02, DS. TIRU KIDUL, KEC. GURAH"
70006984,SD TUNAS BANGSA,SD,,,YAYASAN TUNAS BANGSA,KAB. GRESIK,KEC. MENGANTI,BONGSO KULON RT. 002 RW. 001
69968727,SDI IRSYADUL UMAM,SD,085231324262,sdiirsyadulumam@gmail.com,IRSYADUL UMAM KOKOP,KAB. BANGKALAN,KEC. KOKOP,JL. DESA MANDUNG
69899722,SD MUHAMMADIYAH 1 SEDATI,SD,03135942057,sdmusada16@gmail.com,PIMPINAN DAERAH MUHAMMADIYAH (PDM) KAB. SIDOARJO,KAB. SIDOARJO,KEC. SEDATI,JL. H. SYUKUR NO.65
20531903,SD BUDI YAKIN,SD,0313747245,sdbudiyakin2023@gmail.com,YAYASAN BUDI YAKIN,KOTA SURABAYA,KEC. TAMBAKSARI,RANGKAH BESAR 22
20502304,SD MAARIF TAMAN,SD,03199782096,sdmaariftamanyes@gmail.com,LP MA'ARIF NU,KAB. SIDOARJO,KEC. TAMAN,JL.RAYA TAMAN GG.II
20531901,SD BUSTANUL HUDA,SD,087701952776,sdbustanul_huda@yahoo.co.id,BAITURRAHMAN,KOTA SURABAYA,KEC. SIMOKERTO,SIMOLAWANG BARU I/95-97
20549096,SDS ISLAM AL - ULUM,SD,082330886700,sdialulum@gmail.com,PENDIDIKAN ROUDLOTUS SHIBYAN AL ULUM,KAB. SAMPANG,KEC. KETAPANG,DS. BUNTEN BARAT
69977052,SD ISLAM TERPADU AL MUBAROK,SD,,sdterpadu.almubarok@gmail.com,YAYASAN NUR AL MUBAROK,KAB. KEDIRI,KEC. KRAS,DSN. CANGKRING DS. BANJARANYAR RT/RW 01/06
20533861,SD BERITA HIDUP,SD,0341578340,sdberitahidup@gmail.com,YAYASAN BERITA HIDUP,KOTA MALANG,KEC. SUKUN,JL. RAWI SARI 33
70059130,SD BINA NUSANTARA SURABAYA,SD,,,YAYASAN SEKOLAH BINA NUSANTARA,KOTA SURABAYA,KEC. LAKARSANTRI,"JL. CITRA UTAMA LIDAH KULON NO.20 (D/H. JL. RAYA MENGANTI, LIDAH KULON) SURABAYA"
69787506,SDS AL-MADINAH,SD,0354476340,sdalmadinah2006@gmail.com,YPI AL MADINAH,KAB. KEDIRI,KEC. MOJO,"JL. RAYA MOJO, DS. SUKOANYAR - MOJO"
20566094,SD DARUN NAJAH,SD,085100437658,sdi_darunnajah07@yahoo.com,YAYASAN SALAFIYAH DARUN NAJAH,KAB. MOJOKERTO,KEC. PACET,DSN. TRECEH RT. 01 RW. 01 DS. SAJEN
70035911,SDI SABILIL MUHTADIIN,SD,,,SABILIL MUHTADIIN,KOTA MALANG,KEC. KEDUNGKANDANG,JL. LESANPURO GANG 2 NO. 72
70043401,SD NU AN-NUR,SD,081357571165,sdnu.bawean@gmail.com,YAYASAN PONDOK PESANTREN AN-NUR SANGKAPURA,KAB. GRESIK,KEC. SANGKAPURA,JL. PEDOMAN NO 02 RT 002 RW 003
20519487,SD ISLAM MAARIF,SD,0343854915,sdi.maarif.kejapanan@gmail.com,MA'ARIF,KAB. PASURUAN,KEC. GEMPOL,JL. RAYA BANDULAN NO. 48 KEJAPANAN
20505712,SD KATOLIK SANTO PETRUS,SD,0356322508,sdk_st.petrus@yahoo.com,YOHANNES GABRIEL,KAB. TUBAN,KEC. TUBAN,JLN. PANGLIMA SUDIRMAN NO. 159
69904692,SDIT AL GHAZALI,SD,082337625623,sdit_alghazali1@gmail.com,AL-GHAZALI JELBUDAN PAMEKASAN,KAB. PAMEKASAN,KEC. PAMEKASAN,JL. RAYA NYALARAN NO. 170
20533091,SD KRISTEN ELYON,SD,0315911414,pelita.jaya.sch@gmail.com,YAYASAN PELITA JAYA,KOTA SURABAYA,KEC. MULYOREJO,JL. SUTOREJO PRIMA UTARA PY-8
69980586,SDIT MUTIARA ILMU BANGKALAN,SD,081937306063,mutiarailmu16@gmail.com,YAYASAN BINA INSAN,KAB. BANGKALAN,KEC. BANGKALAN,JL. KEMBANG JAMBE NOMOR 30
20504318,SD KRISTEN MARDI SISWO BOJONEGORO,SD,082142224423,mardisiswo_bojonegoro@yahoo.com,YAYASAN PENDIDIKAN KRISTEN PETRA BOJONEGORO,KAB. BOJONEGORO,KEC. BOJONEGORO,JL. TEUKU UMAR NO. 64 BOJONEGORO
20533131,SDS MANGUNI,SD,0317314851,sdsmanguni@yahoo.com,YP MANGUNI,KOTA SURABAYA,KEC. SUKOMANUNGGAL,JL. SATELIT INDAH III/DN-6
69967248,SDI AL HASANI,SD,087852297373,sdialhasani0@gmail.com,YAYASAN SYAICHONA HASANI,KAB. BANGKALAN,KEC. GALIS,DESA LONGKEK KECAMATAN GALIS
20548739,SD ISLAM AL MUNAWWAR,SD,320920,almunawwarsdi@gmail.com,RADEN JA'FAR SHODIQ,KAB. TULUNGAGUNG,KEC. TULUNGAGUNG,JL P DIPONEGORO NO 151
20532853,SD SETIA BHAKTI SURABAYA,SD,081779670531,sdsetiabhakti1@gmail.com,YAYASAN PENDIDIKAN SETIA BHAKTI,KOTA SURABAYA,KEC. KREMBANGAN,DUPAK RUKUN V/34
20546879,SD ISLAM MIFTAHUT THOLIBIN,SD,085336054479,sdimiftahuttholibin@gmail.com,MIFTAHUT THOLIBIN TEGALSONO,KAB. PROBOLINGGO,KEC. TEGALSIWALAN,DSN TANIAN PANJANG
20549105,SDS ISLAM MIFTAHUL ULUM KETAPANG,SD,,sdsislammiftahululum@gmail.com,MIFTAHUL ULUM ALIFANIYAH,KAB. SAMPANG,KEC. KETAPANG,DS. BLUMBANG
20579415,SD ISLAM AL HASANI,SD,087701776238,sdialhasani@gmail.com,YAYASAN PENDIDIKAN SOSIAL DAN DAKWAH ISLAMIYAH AL HASANI,KAB. PAMEKASAN,KEC. PALENGAAN,DUSUN SARDUNG
20518728,SD TAMAN SISWA (TAMAN MUDA) DAMPIT,SD,0341896503,tamansiswadampit@protonmail.com,PERSATUAN PERGURUAN TAMANSISWA CABANG DAMPIT,KAB. MALANG,KEC. DAMPIT,JL.PAJAJARAN NO.15 DAMPIT
70033498,SD MODERN PARAMADINA,SD,085259859789,sdmparamadinakediri@gmail.com,YAYASAN ISLAM PARAMADINA,KAB. KEDIRI,KEC. SEMEN,"JL. RADEN PATAH NO. 105 DS. SIDOMULYO KEC. SEMEN, KAB.KEDIRI"
70037140,SD AL - MADINAH,SD,03315108904,sdalmadinahjember@gmail.com,YAYASAN PARADIGMA WIYATA BHAKTI,KAB. JEMBER,KEC. KALIWATES,JL. HAYAM WURUK IV / 160 JEMBER
69757219,SDS ISLAM NURUL FALAH,SD,081553687484,sdinufa@gmail.com,YPI NURUL FALAH,KAB. JEMBER,KEC. SILO,JL. SUMBER LANAS TIMUR HARJOMULYO
69991792,SD AL-LATHIFAH,SD,,allathifahsd@gmail.com,AL LATHIFAH,KAB. PASURUAN,KEC. KRATON,JL. RAYA TAMBAKREJO RT.02 RW.04
20552641,SD AL AZHAR SYIFA BUDI SURABAYA,SD,0318498089,syifabudi_surabaya@yahoo.co.id,YAYASAN AURELLIA,KOTA SURABAYA,KEC. WONOCOLO,JL. SIDOSERMO PDK II/KAV. 230 A
20533140,SD KYAI RODLIYAH,SD,085645591106,sdskyairodliyah@gmail.com,KYAI RODLIYAH,KOTA SURABAYA,KEC. PAKAL,JL. SENDANG BULU
70062641,SD KATOLIK SAINT JOSEPH MONTESSORI,SD,,,YAYASAN KOLESE SANTO YUSUP,KAB. MALANG,KEC. PAKIS,JL. MANSION BOULEVARD NO. 6 KOMPLEKS PERUMAHAN THE ARAYA DUSUN GENITRI
20571350,SD ISLAM DARUSSALAM,SD,085379497087,sdi.darussalamtiris@gmail.com,,KAB. PROBOLINGGO,KEC. TIRIS,DUSUN KLAKAH RT 05 RW 02
69988760,SD WACHID HASYIM SURABAYA (SD PLUS),SD,03199024021,sdwachidhasyimplus1@gmail.com,WACHID HASYIM SURABAYA,KOTA SURABAYA,KEC. KENJERAN,JL.SIDOTOPO WETAN BARU NO.7
60724817,SDS ISLAM AL - KHOLILIYAH,SD,087849426079,sdialkholiliyah@gmail.com,SDI AL KHOLILIYAH,KAB. SAMPANG,KEC. KEDUNGDUNG,DS. PAJERUAN
20519498,SD NAHDLATUL ULAMA,SD,085336978799,sdnulekok344@gmail.com,YAYASAN TAMAN PENDIDIKAN NAHDLATUL ULAMA LEKOK,KAB. PASURUAN,KEC. LEKOK,JL. KABUPATEN NO. 72 KEC. LEKOK
70006331,SDI AS-SANORA SUMBER PAO,SD,0877736255,,YAYASAN PENDIDIKAN ISLAM DAN SOSIAL AS-SANORA SUMBER PAO,KAB. PAMEKASAN,KEC. BATU MARMAR,SDI AS SONARA SUMBER PAO
20512784,SD YBPK SAMBIREJO,SD,03543103766,sdkybpksambirejo@yahoo.co.id,YAYASAN BADAN PENDIDIKAN KRISTEN,KAB. KEDIRI,KEC. PARE,JL KEDIRI
69758984,SDS ISLAM MENAMPU,SD,082330527727,sdsislammenampu@gmail.com,YAYASAN PENDIDIKAN ISLAM SALAFIYAH AS-SYAHIDIYAH,KAB. JEMBER,KEC. GUMUK MAS,DSN. KEDUNGLENGKONG DS.MENAMPU - GUMUKMAS
70063621,SD AR RAHMAN GREEN SCHOOL,SD,,,,KAB. JOMBANG,KEC. JOMBANG,"JL. BALI KAVLING C RT/RW : 005/009, GENENG"
20554528,SDI TERPADU AL BADR,SD,0354476977,sditerpadualbadr@gmail.com,YAYASAN PENDIDIKAN ISLAM AL IBTISAM AL MA'MUNIYY,KAB. KEDIRI,KEC. MOJO,JLN. TANJANG RT002 RW002 DS. PLOSO
69815479,SD ISLAM AL HIKMAH,SD,081259278873,sdialhikmah2024@gmail.com,YAYASAN DARUL IKHSAN,KAB. BOJONEGORO,KEC. SUGIHWARAS,JL. MERDEKA UTARA NO 23
20533902,SD ISLAM SABILILLAH MALANG,SD,0341488602,humas@sdsabilillah.sch.id,YAYASAN SABILILLAH MALANG,KOTA MALANG,KEC. BLIMBING,JL. JEND. A. YANI 15 MALANG
70006761,SD ISLAM AL-FALAH,SD,0341513909,sdislamalfalahbatu@gmail.com,LEMBAGA PENDIDIKAN AL-FALAH,KOTA BATU,KEC. JUNREJO,JL. PANGLIMA BESAR SUDIRMAN RT.02 RW.06
69898962,SDIQU AL BAHJAH 03 TULUNGAGUNG,SD,081554144800,sdiqualbahjah03@gmail.com,YAYASAN AL BAHJAH,KAB. TULUNGAGUNG,KEC. KARANGREJO,JALAN RAYA KARANGREJO
69980053,SD ISLAM TERPADU ULUL ALBAB,SD,082245130719,ululalbabkertosono@gmail.com,AN NURHADI,KAB. NGANJUK,KEC. KERTOSONO,"JLN. KH ABDUL FATTAH DSN MENTAOS, DS. NGLAWAK, KEC. KERTOSONO"
20502400,SD MUHAMMADIYAH 8 TULANGAN,SD,0318850184,sdmuhdelta@yahoo.com,PIMPINAN DAERAH MUHAMMADIYAH (PDM) KAB. SIDOARJO,KAB. SIDOARJO,KEC. TULANGAN,JL RAYA KENONGO
20551768,SD MUHAMMADIYAH 1 BRONDONG,SD,08123085254,sdmgembyang@gmail.com,PIMPINAN DAERAH MUHAMMADIYAH (PDM) KAB. LAMONGAN,KAB. LAMONGAN,KEC. BRONDONG,JLN. SUMUR SUWUK NO. 009 GEMBYANG
20549413,SD ISLAM DARUL MUKHLASHIN,SD,085233751878,sdidarulmukhlasin2004@gmail.com,DARUL MUKHLASHIN,KAB. PROBOLINGGO,KEC. TEGALSIWALAN,JL. RAYA TEGALSIWALAN
70059287,SD MAPLE TREE,SD,,,VISI INSPIRASI PENDIDIKAN,KAB. BONDOWOSO,KEC. BONDOWOSO,JL. KH AGUS SALIM NO.89 A
20531854,SD AL HUDA SURABAYA,SD,0817331303,chnadhifa@gmail.com,YAYASAN PENDIDIKAN ISLAM AL HUDA SEMAMPIR,KOTA SURABAYA,KEC. SEMAMPIR,JLN. TENGGUMUNG WETAN V/1
70057842,SD AL FURQON 3,SD,,,YAYASAN PONDOK PESANTREN AL-FURQON,KAB. GRESIK,KEC. DRIYOREJO,DUSUN KARANGASEM RT 004 RW 004
69978396,SD PLUS FATIMAH AZ ZAHRO,SD,085156432405,sdplusfaz01@gmail.com,YAYASAN PENDIDIKAN PURNAMA SIDOARJO,KAB. SIDOARJO,KEC. BUDURAN,SIWALANPANJI RT 06 RW 02 BUDURAN SIDOARJO
20572178,SD ISLAM TERPADU AL USWAH,SD,034145114,aluswahsdit_sgs@yahoo.co.id,PESANTREN ISLAM AL-USWAH SINGOSARI MALANG,KAB. MALANG,KEC. SINGOSARI,JL. JAYANEGARA 123
20536911,SD IT PERMATA,SD,085204941184,sditpermataprobolinggo@gmail.com,YAYASAN AMANAH PROBOLINGGO,KOTA PROBOLINGGO,KEC. MAYANGAN,JL. IKAN TONGKOL II/6
20554040,SDS NU 17 BAITUL MAKMUR,SD,082335622839,sdnubaitulmakmur@gmail.com,LP MA'ARIF NU CABANG JEMBER,KAB. JEMBER,KEC. BALUNG,JL. BAGON NO.20 KARUK
20557279,SD ISLAM AL FARABY,SD,085105630588,sdialfaraby238@gmail.com,LEMBAGA PENDIDIKAN ISLAM TERPADU AL FARABY TUREN MALANG,KAB. MALANG,KEC. TUREN,JL. MAYOR DAMAR 44
20518684,SD MUHAMMADIYAH 01 KEPANJEN,SD,03413903290,w_wijaya37@yahoo.com,PIMPINAN DAERAH MUHAMMADIYAH (PDM) KAB. MALANG,KAB. MALANG,KEC. KEPANJEN,JL. EFFENDI 94B
20533087,SD PAKIS JAYA,SD,0315634793,sd_pakisjaya@yahoo.com,-PAKIS JAYA,KOTA SURABAYA,KEC. SAWAHAN,JL PAKIS III/36 SURABAYA
20533095,SD NURUL IMAN,SD,0317416466,sdsnuruliman@gmail.com,MASJID NURUL IMAN,KOTA SURABAYA,KEC. BENOWO,JL. SEMEMI JAYA IV/55
70011220,SDIT NURUL RAHMAH KEMAYORAN,SD,085330285821,sdit.nurulrahmah@gmail.com,YAYASAN NURUL RAHMAH KEMAYORAN,KAB. BANGKALAN,KEC. BANGKALAN,JL. TEUKU UMAR II/17
20531912,SD DAPUAN SWASTA SURABAYA,SD,083831175093,sd.dapuan@yahoo.com,YAYASAN PENDIDIKAN DAPUAN,KOTA SURABAYA,KEC. PABEAN CANTIAN,JL. JANGKAR NO.10 SURABAYA.
20533063,SD MIFTAHUL ULUM SURABAYA,SD,03199013535,sd.miftahul.ulum.063@gmail.com,YAYASAN PENDIDIKAN ISLAM MIFTAHUL ULUM,KOTA SURABAYA,KEC. GUNUNGANYAR,JL. RUNGKUT TENGAH 3/13
20548702,SD ISLAM AL-HUDA,SD,,alhuda.ssdi@gmail.com,YAYASAN PESANTREN ALHUDA SEDAYULAWAS,KAB. LAMONGAN,KEC. BRONDONG,JL KENANGA NO 109
69959269,SDS ISLAM DARUL AIDAM,SD,082338138343,sdsdarulaidam@gmail.com,DARUT TAUHID,KAB. SAMPANG,KEC. KEDUNGDUNG,DUSUN SEMAMPIR
69961808,SDIT MULTAZAM,SD,085331244313,sditmultazam.official@gmail.com,YAYASAN ILTIZAM PAMEKASAN,KAB. PAMEKASAN,KEC. PADEMAWU,DESA BUDDIH
20508688,SD MUHAMMADIYAH 1 NGAWI,SD,0351748333,sdmuh1_ngawi@yahoo.co.id,PIMPINAN DAERAH MUHAMMADIYAH (PDM) KAB. NGAWI,KAB. NGAWI,KEC. NGAWI,JL. BASUKI RAHMAD 77 NGAWI
20501149,SD MUHAMMADIYAH MELIRANG,SD,0313941168,sdm.melirang@gmail.com,PIMPINAN DAERAH MUHAMMADIYAH (PDM) KAB. GRESIK,KAB. GRESIK,KEC. BUNGAH,DESA MELIRANG RT.01 RW.01
69918670,SDI NURUL AMIN,SD,082334699958,sdinurulamin@gmail.com,YAYASAN NURUL AMIN SALATREH,KAB. PAMEKASAN,KEC. PALENGAAN,DUSUN SALATREH
70054826,SD ISLAM INTEGRATIF AL - KAYYIS,SD,081259527881,alkayyis2009@gmail.com,YAYASAN PENDIDIKAN ISLAM AL-KAYYIS,KAB. GRESIK,KEC. MENGANTI,PERUM GRAHA MENGANTI BLOK A NO. 1
20524120,SDS NU KARANGREJO 02,SD,085655863974,sdnukarangrejo02@gmail.com,BPPPMNU  CABANG KENCONG,KAB. JEMBER,KEC. GUMUK MAS,JL. BENDOREJO NO. 03
20555478,SD ISLAM SRENGAT,SD,,sdisrengatblitar@ymail.com,YAYASAN MINHAJUSSALAM,KAB. BLITAR,KEC. SRENGAT,JL MASJID BESAR NO. 01
20551763,SD MUHAMMADIYAH 1 PUCANGANOM SIDOARJO,SD,0318054178,admmuhida@gmail.com,PIMPINAN DAERAH MUHAMMADIYAH (PDM) KAB. SIDOARJO,KAB. SIDOARJO,KEC. SIDOARJO,JL. RADEN PATAH 91 F
69754605,SDIT AR ROHMAH MAGETAN,SD,085648503571,sditarrohmahmgt@gmail.com,YAYASAN ISLAM AR-ROHMAH YASIROH,KAB. MAGETAN,KEC. MAGETAN,JL. HASANUDIN RT.01 RW.05 KELURAHAN SELOSARI
20508687,SDI AL AMNANIYAH PUHTI KARANGJATI,SD,085259723760,sdialamnaniyahpuhti@yahoo.com,AL AMNANIYAH BANGON,KAB. NGAWI,KEC. KARANGJATI,PUHTI - KARANGJATI
20532982,SDK SANTO MIKAEL,SD,0313541422,sdksantomikael1@gmail.com,YOHANNES GABRIEL,KOTA SURABAYA,KEC. KREMBANGAN,JL. TANJUNG SADARI NO. 49 SURABAYA
20554918,SD ISLAM AL HUDA,SD,081331730775,sdislamalhuda123@gmail.com,PESANTREN AL-HUDA,KAB. BANYUWANGI,KEC. GENTENG,"JL. KH. HASYIM ASYARI, GENTENG WETAN, GENTENG"
20512797,SD KATOLIK YOHANES GABRIEL,SD,,sdkyohanesgabriel10@gmail.com,YOHANNES GABRIEL,KAB. KEDIRI,KEC. SEMEN,JL. RAYA PUHSARANG RT 01 RW 02 KEC. SEMEN KAB. KEDIRI
69972211,SD ISLAMIYAH AT THOHIRIYAH,SD,03199896010,sdi.atthohiriyahkrian@yahoo.com,YAYASAN PENDIDIKAN ISLAM AT - THOHIRIYAH JERUK GAMPING,KAB. SIDOARJO,KEC. KRIAN,JL. KH. THOHIR SHOLEH NO 220 JERUKGAMPING
69978373,SDI NURUL ANWAR,SD,085233275754,,YAYASAN NURUL ANWAR AL-ULYA,KAB. SUMENEP,KEC. BATANG-BATANG,DESA LEGUNG TIMUR
20566149,SDS ISLAM FATAHILAH,SD,082330433553,sdifatahillah@gmail.com,FATAHILLAH,KAB. PROBOLINGGO,KEC. GENDING,GENDING
20533065,SD MUHAMMADIYAH 22 SURABAYA,SD,03199002551,sdmuhammadiyah22surabaya@gmail.com,PIMPINAN DAERAH MUHAMMADIYAH (PDM) KOTA SURABAYA,KOTA SURABAYA,KEC. KARANG PILANG,JL. KEMLATEN BARU 43
70035412,SD NU ROUDLOTUN NAFILAH,SD,,,ROUDLOTUN NAFILAH,KAB. GRESIK,KEC. MANYAR,JL. GRIYA PEGANDEN ASRI CI RT 005 RW 005
69900208,SDI FATHUL HUDA BENDO,SD,085257291301,sdifathulhudabendopadas13@gmail.com,FATHUL HUDA,KAB. NGAWI,KEC. PADAS,DSN. BENDO RT 1 RW 3
20570499,SD AL AZHAR,SD,,sdalazhar136@gmail.com,AL - HASAN,KAB. NGAWI,KEC. KEDUNGGALAR,KEDUNGGALAR
20531849,SD AL ISLAH,SD,0318707761,sdalislah670sby@gmail.com,YAYASAN PENDIDIKAN AL ISLAH SURABAYA,KOTA SURABAYA,KEC. GUNUNGANYAR,JL. GUNUNGANYAR TENGAH 22 - 24
69947655,SDS ISLAM HIDAYATUL ULUM,SD,082331010072,sdihu2020@gmail.com,ANNAH ROWIYAH,KAB. SAMPANG,KEC. BANYUATES,JL. SOMPOR
20533138,SD MABADIUL ULUM SURABAYA,SD,0315920372,mabadiululum@yahoo.co.id,YAYASAN PENDIDIKAN MABADIUL ULUM,KOTA SURABAYA,KEC. SUKOLILO,JL. RODAH SEKOLAHAN NO. 1
69990961,SD KRISTEN TUNAS HARAPAN BANGSA,SD,0315312906,sdkristentunasharapanbangsa@gmail.com,EBENHAEZER,KOTA SURABAYA,KEC. GENTENG,"JL. AMBENGAN 2, SURABAYA"
70025435,SDIT INSAN KAMIL GEMPOL,SD,085797449703,sditinsankamilgempol@gmail.com,YAYASAN PENDIDIKAN INSAN KAMIL GEMPOL,KAB. PASURUAN,KEC. GEMPOL,DUSUN SUKCI RT 003 RW 003
20502307,SD KRISTEN PETRA 13,SD,0318672442,sdkristenpetra13@gmail.com,PERHIMPUNAN PENDIDIKAN DAN PENGAJARAN KRISTEN PETRA,KAB. SIDOARJO,KEC. WARU,JL. TAMAN ASRI UTARA 59 PONDOK TJANDRA INDAH
20531922,SD DA`WATUL HASANAH SURABAYA,SD,03135938139,dawatul.hasanah14@gmail.com,YAYASAN DAWATUL HASANAH,KOTA SURABAYA,KEC. WONOKROMO,JL. PULO TEGALSARI II/20
20547265,SD BINA ANAK SHOLEH,SD,035638832350,sdbas45tuban@gmail.com,BAHRUL HUDA,KAB. TUBAN,KEC. TUBAN,JLN. DR. WAHIDIN SUDIROHUSODO NO.45 TUBAN
20532847,SD RIDWAN ABDULLAH SURABAYA,SD,0315461372,sd.ridwanabdullah@gmail.com,LP. MA'ARIF NU KOTA SURABAYA,KOTA SURABAYA,KEC. BUBUTAN,JL. BUBUTAN VI/2 LT. 2
20532812,SD YAMASSA SURABAYA,SD,0319714191,sdi_yamassa@yahoo.com,YAYASAN MASJID ASSALAFIYAH,KOTA SURABAYA,KEC. RUNGKUT,JL. KEDUNG ASEM NO 80
20555816,SD ISLAM ROUDHOTUL MUTTAQIN,SD,0321362387,sdppmuttaqin@gmail.com,PONPES ROUDHOTUL MUTTAQIN,KAB. MOJOKERTO,KEC. GEDEG,NGARES KIDUL GEDEG
20539077,SD LUQMAN AL HAKIM,SD,0315928587,sdlh.2011@gmail.com,YAYASAN PONDOK PESANTREN HIDAYATULLAH SURABAYA,KOTA SURABAYA,KEC. MULYOREJO,JL. KEJAWAN PUTIH TAMBAK  VI NO.1
20553965,SD NASIONAL TIGA BAHASA MITRA HARAPAN,SD,0351459954,sd@mitra-harapan.sch.id,YAYASAN JAYA MITRA HARAPAN,KOTA MADIUN,KEC. TAMAN,JLN SOEKARNO-HATTA NO 19 MADIUN
20501900,SD MUHAMMADIYAH 9,SD,0318050948,sdm9ngaban@gmail.com,PIMPINAN DAERAH MUHAMMADIYAH (PDM) KAB. SIDOARJO,KAB. SIDOARJO,KEC. TANGGULANGIN,JL NGABAN
20570811,SD IT AL RAHBINI,SD,6282139117771,sditalrahbinihebat@gmail.com,YAYASAN SOSIAL DAN PENDIDIKAN ISLAM SYEKH ALI AL RAHBINI (YASIRA),KAB. MALANG,KEC. GONDANGLEGI,JL. AHMAD YANI NO. 1A GONDANGLEGI KULON
20531850,SD AL - IRSYAD,SD,0313297221,sd.alirsyad.surabaya.yes@gmail.com,YAYASAN PERGURUAN AL IRSYAD SURABAYA (YPAS),KOTA SURABAYA,KEC. SEMAMPIR,JL. SULTAN ISKANDAR MUDA NO.46 SURABAYA
60724827,SDS ISLAM RAUDLATUL ULUM,SD,085230429442,sdiraudlatululum.go@gmail.com,YAYASAN AL-FADILAH,KAB. SAMPANG,KEC. OMBEN,DSN. NANGKERNANG DS. KARANG GAYAM
69974547,SDI MANSYA`UL HUDA,SD,085236917462,sdimansyaulhuda@gmail.com,MIFTAHUSSALAM,KAB. LAMONGAN,KEC. BABAT,DESA BULUMARGI
69775670,SDS IT BUMI DARUN NAJAH,SD,03434508921,sditbdn@gmail.com,YAYASAN BUMI DARUN NAJAH,KAB. PASURUAN,KEC. LEKOK,JALAN SEMERU RAYA NO.126
20541788,SD ISLAM MAARIF SUKOREJO,SD,081333126988,sdimaarifskj@gmail.com,YAYASAN PENDIDIKAN MA'ARIF SUKOREJO,KAB. PASURUAN,KEC. SUKOREJO,JL. KAMAJAYA TEX. NO. 96 SUKOREJO
20549823,SD ISLAM TERPADU TASWIRUL AFKAR,SD,,sdittaswir@gmail.com,ROUDLOTUS SHOFIYYAH LITARBIYYATIL BANAAT,KAB. JOMBANG,KEC. JOGOROTO,JL RAYA KEMIRIGALIH SAWIJI
20522394,SD MUHAMMADIYAH,SD,0332431344,sdmuhammadiyahbws@yahoo.co.id,PIMPINAN DAERAH MUHAMMADIYAH (PDM) KAB. BONDOWOSO,KAB. BONDOWOSO,KEC. BONDOWOSO,JL. MT HARYONO NO. 10
20566119,SD MUTIARA HATI,SD,,mutiara_h@ymail.com,"YAYASAN PENDIDIKAN PG, TK, SD MUTIARA HATI",KAB. GRESIK,KEC. DRIYOREJO,KALIMAYA 35 - 36
69947282,SD ISLAM TERPADU BINA MULIA,SD,,sditbinamulia82@gmail.com,YBMK,KAB. KEDIRI,KEC. MOJO,"JL. MAKAM RT 001 RW 002 DESA MOJO, KEC. MOJO"
70051945,SDIT DARUL ILMI,SD,081225101867,sditdarulilmibanyuwangi@gmail.com,YAYASAN DARUL ILMI BANYUWANGI,KAB. BANYUWANGI,KEC. GLAGAH,JL HOS COKROAMINOTO NO.42
20524927,SDS K CAHAYA,SD,339196,sdkristenc@gmail.com,YAYASAN KRISTEN DORKAS,KAB. JEMBER,KEC. SUMBERSARI,JL. LETJEN SUPRAPTO XVIII NO. 21
20554136,SD ISLAM ALMAARIF 01,SD,0341450660,sdi.nolsatuetpas@gmail.com,LEMBAGA PENDIDIKAN MA'ARIF NU PCNU KABUPATEN MALANG,KAB. MALANG,KEC. SINGOSARI,JL. SIDOREJO 55 SINGOSARI
69889049,SD MUHAMMADIYAH PLUS,SD,082234563331,sdmuhammadiyahplus.prob@gmail.com,PIMPINAN DAERAH MUHAMMADIYAH (PDM) KOTA PROBOLINGGO,KOTA PROBOLINGGO,KEC. KANIGARAN,JL. MASTRIP NO. 163
20504227,SDK BETHEL,SD,0321495083,sdkristenbethel@gmail.com,YAYASAN UMAT KRISTEN MOJOAGUNG,KAB. JOMBANG,KEC. MOJOAGUNG,JALAN VETERAN 283
20549723,SD MANDALA II,SD,085100986631,sdsmandaladua@yahoo.co.id,MENARA KASIH,KOTA SURABAYA,KEC. TAMBAKSARI,JL. PLOSO TIMUR X A / 1
70063051,SD BUDI UTOMO BANYUWANGI,SD,,,,KAB. BANYUWANGI,KEC. GAMBIRAN,JL. IRIAN NO. 01 DUSUN KAMPUNG BARU
70051748,SDS ISLAM AL-ISHLAH GABOL,SD,,,YAYASAN AL ISHLAH GABOL TOBAI TIMUR,KAB. SAMPANG,KEC. SOKOBANAH,DUSUN PLERENAN DESA TOBAI TIMUR
69754763,SDI AL MUNAWWAROH,SD,087754283657,sdialmunawwaroh@gmail.com,YAYASAN SOSIAL PENDIDIKAN DAN DAKWAH ISLAMIYAH DARUL KAROMAH AL MUNAWWAROH,KAB. PAMEKASAN,KEC. PASEAN,DESA SANA DAJA KECAMATAN PASEAN
20539184,SD MUHAMMADIYAH 12 SURABAYA,SD,0313551392,sdm12surabaya@gmail.com,PIMPINAN DAERAH MUHAMMADIYAH (PDM) KOTA SURABAYA,KOTA SURABAYA,KEC. BUBUTAN,DUPAK JAYA V/21-29
20541786,SD AL-IRSYAD BANGIL,SD,085157096663,sdalirsyadb@gmail.com,PERHIMPUNAN AL-IRSYAD,KAB. PASURUAN,KEC. BANGIL,JL. BADER KALIREJO BANGIL
69984377,SD NAHDLATUL ULAMA INSAN QURANI,SD,,sdnuinsanqurani@gmail.com,YAYASAN PENDIDIKAN ISLAM SUNAN GIRI AL MASYKURI,KAB. KEDIRI,KEC. PARE,"JL. SUMATERA NO. 24B GEDANGSEWU, PARE"
20510060,SD MUHAMMADIYAH,SD,0352461927,sdmuhpon@yahoo.com,PIMPINAN DAERAH MUHAMMADIYAH (PDM) KAB. PONOROGO,KAB. PONOROGO,KEC. PONOROGO,JL BATORO KATONG NO 06
70024803,SDI MODERN JABAL ROHMAH,SD,,,YAYASAN JABAL SAMROTUL ILMI,KAB. KEDIRI,KEC. KUNJANG,"DSN. WATUDUWUR DS. TENGGERLOR, KUNJANG"
69931721,SD GOLDEN SUN,SD,089617453887,schoolgoldensun1@gmail.com,KEMILAU MENTARI,KAB. GRESIK,KEC. DRIYOREJO,"JL. BATU SAFIR BLOK FA / NO. 3, 5 & 7 KOTA BARU DRIYOREJO"
70036833,SDI DIAN MADANI,SD,03213085741,sdi.dianmadani@gmail.com,YAYASAN DIAN CAHAYA MADANI,KAB. JOMBANG,KEC. DIWEK,DUSUN BEYAN II RT. 026 RW. 006
69888660,SD TRIBAHASA HARAPAN BANGSA,SD,03435611105,tribhsharapanbangsa@gmail.com,YAYASAN BUDAYA HARAPAN BANGSA,KOTA PASURUAN,KEC. PANGGUNGREJO,JLN. PAHLAWAN NO. 16 KOTA PASURUAN
69966013,SD ULIL ALBAB,SD,085100683767,sd.ulilalbab13@gmail.com,YAYASAN HAO REN,KAB. MALANG,KEC. KEPANJEN,JL. HM. SUN AN RT.3 RW.2
20554364,SD ISLAM TERPADU AR-ROHMAH,SD,081558680236,sdislamterpaduarrahmah19@gmail.com,AR RAHMAH YOSOWILANGUN,KAB. LUMAJANG,KEC. YOSOWILANGUN,JL. MAYJEN SUKERTIYO GG. MAKAM NO. 35 YOSOWILANGUN
69859399,SDIP AL-ISTIQOMAH KEBONAGUNG,SD,085219958567,sdipalistiqomah@gmail.com,YAYASAN AL-ISTIQOMAH KEBONAGUNG,KAB. LUMAJANG,KEC. SUKODONO,JL. BROMO 302 RT 2 RW 3 KEBONAGUNG SUKODONO
20574804,SD ISLAM DARUT TAUHID,SD,085257924216,sdidaruttauhid@ymail.com,YAYASAN PONDOK PESANTREN FATHIMIYYAH,KAB. TUBAN,KEC. TAMBAKBOYO,JL KH. ASYHARI
70000178,SDI AL - INSHAF,SD,,,YAYASAN AL-INSHAF,KAB. SUMENEP,KEC. LENTENG,JL. DHIN MPAH NO. 01 BINDUNG II
20532818,SD WIDYA ADI PUTERA,SD,0313892380,sdwidyaadiputera@gmail.com,YAYASAN PENDIDIKAN WIDYA ADI PUTERA,KOTA SURABAYA,KEC. TAMBAKSARI,KALIKEPITING JAYA II/59-61
20532975,SD ISLAM MARYAM,SD,0315010835,sdi_maryam@yahoo.co.id,YAYASAN MARYAM SURABAYA,KOTA SURABAYA,KEC. GUBENG,JL. MANYAR SAMBONGAN 119
